Age,Gender,Hemoglobin,WBC,Platelets,Fasting_Blood_Sugar,Creatinine,TSH,Cholesterol,Diagnosis
22,Male,10.4,4.1,315,84,6.45,2.06,171,Chronic Kidney Disease
68,Male,13.6,4.0,227,162,0.56,2.41,166,Diabetes
76,Male,9.0,6.9,296,88,3.58,2.19,173,Chronic Kidney Disease
61,Female,13.3,6.4,191,81,0.95,1.99,170,Healthy
50,Female,12.4,5.8,257,97,1.09,0.05,172,Hyperthyroidism
65,Female,13.1,17.6,276,78,0.84,1.02,147,Infection
51,Male,12.6,6.0,246,189,0.74,1.62,147,Diabetes
74,Female,14.0,6.0,302,92,0.93,21.91,225,Hypothyroidism
34,Female,9.9,6.0,155,83,1.02,0.92,168,Anemia
22,Male,15.6,5.5,195,76,0.76,0.04,156,Hyperthyroidism
19,Male,14.9,7.7,215,82,0.8,0.1,163,Hyperthyroidism
71,Female,15.4,8.2,331,76,0.87,2.68,162,Healthy
33,Female,7.8,6.9,198,87,0.68,2.27,158,Anemia
57,Male,9.0,7.5,314,74,2.75,1.33,162,Chronic Kidney Disease
65,Female,15.0,8.2,221,78,0.92,0.62,274,Hypercholesterolemia
63,Female,12.6,23.5,254,83,1.0,2.22,166,Infection
82,Female,11.2,19.9,298,75,1.06,2.98,154,Infection
45,Female,8.0,7.8,192,87,0.8,2.01,130,Anemia
66,Female,15.0,5.8,260,75,1.07,2.52,276,Hypercholesterolemia
82,Male,15.5,7.2,242,87,0.74,0.09,130,Hyperthyroidism
25,Female,12.9,6.6,316,92,0.88,1.8,168,Healthy
77,Male,13.9,9.9,310,88,0.87,3.09,187,Healthy
64,Female,11.5,18.3,258,78,0.95,2.58,160,Infection
74,Female,13.7,8.7,304,81,0.77,15.0,225,Hypothyroidism
18,Male,12.8,8.1,259,124,0.93,1.75,158,Diabetes
84,Female,15.5,6.4,303,83,0.58,2.36,295,Hypercholesterolemia
83,Female,12.3,8.9,200,91,0.87,0.03,141,Hyperthyroidism
25,Female,13.7,8.6,302,124,0.93,1.7,145,Diabetes
25,Female,14.1,5.0,366,97,0.64,3.66,180,Healthy
51,Male,14.9,4.3,253,216,1.06,2.07,191,Diabetes
82,Male,15.4,16.2,255,84,1.01,3.35,176,Infection
68,Female,9.2,7.0,316,83,5.01,3.54,176,Chronic Kidney Disease
63,Male,9.3,8.2,251,86,0.67,1.75,145,Anemia
47,Female,14.3,6.5,219,86,0.93,2.16,278,Hypercholesterolemia
74,Male,14.4,6.8,291,86,0.99,1.89,141,Healthy
81,Female,12.0,13.8,411,84,0.79,2.43,153,Infection
64,Female,16.0,6.5,307,77,0.96,16.35,233,Hypothyroidism
64,Male,13.8,7.1,301,87,0.8,2.43,169,Healthy
31,Male,14.7,4.6,296,78,1.09,4.4,172,Healthy
66,Male,15.7,9.8,249,138,0.71,1.45,176,Diabetes
19,Male,15.4,6.9,365,83,1.09,2.37,183,Healthy
79,Male,14.5,6.4,233,102,0.99,2.58,184,Healthy
40,Female,9.0,6.1,143,90,1.0,1.66,156,Anemia
36,Male,8.5,7.0,323,77,0.89,1.8,162,Anemia
40,Female,10.6,6.9,261,79,4.84,2.96,161,Chronic Kidney Disease
21,Male,10.0,7.9,306,77,1.6,1.13,160,Chronic Kidney Disease
69,Male,15.2,5.2,271,85,1.06,0.04,160,Hyperthyroidism
38,Male,15.5,8.9,210,84,1.39,0.49,180,Healthy
81,Female,14.3,8.1,309,68,0.84,0.11,134,Hyperthyroidism
30,Female,10.3,5.2,259,62,5.45,1.02,170,Chronic Kidney Disease
65,Female,11.7,22.3,347,83,0.86,2.08,174,Infection
70,Male,11.9,9.0,223,97,0.87,22.64,255,Hypothyroidism
20,Female,13.9,7.2,260,89,1.0,2.02,143,Healthy
27,Male,13.5,7.2,269,80,0.86,0.1,168,Hyperthyroidism
73,Male,14.8,6.5,325,101,0.85,2.01,180,Healthy
63,Male,13.8,9.7,336,83,0.97,2.88,233,Hypercholesterolemia
45,Male,13.2,5.1,310,208,0.95,1.33,168,Diabetes
78,Female,11.8,14.4,180,67,0.82,1.46,166,Infection
53,Female,14.4,8.0,291,74,0.46,2.99,309,Hypercholesterolemia
55,Male,10.8,14.2,318,89,0.84,0.79,163,Infection
29,Male,8.6,9.3,219,84,0.98,1.93,159,Anemia
74,Male,9.2,5.4,236,99,0.67,2.99,159,Anemia
57,Female,13.2,21.3,289,73,1.01,2.29,169,Infection
71,Female,13.6,8.9,229,75,0.98,3.17,154,Healthy
23,Female,17.4,6.0,302,74,1.0,1.05,175,Healthy
50,Female,16.0,5.9,343,210,0.92,2.18,169,Diabetes
24,Male,15.4,5.7,218,183,1.14,2.59,140,Diabetes
28,Male,14.8,7.2,293,216,0.97,1.97,130,Diabetes
59,Male,10.7,7.4,299,86,5.47,2.59,149,Chronic Kidney Disease
22,Male,7.5,9.2,189,80,0.87,0.99,155,Anemia
25,Male,8.8,7.5,334,98,6.06,1.01,160,Chronic Kidney Disease
21,Female,15.1,6.8,306,96,0.54,1.64,251,Hypercholesterolemia
57,Female,13.3,7.9,211,73,0.96,3.18,289,Hypercholesterolemia
45,Female,14.6,8.5,254,96,0.85,13.13,256,Hypothyroidism
44,Female,15.5,7.1,182,79,1.03,1.8,167,Healthy
37,Male,9.7,7.1,109,94,0.89,2.92,157,Anemia
48,Male,13.4,9.1,291,83,1.01,0.08,170,Hyperthyroidism
63,Male,13.6,6.7,317,73,0.88,2.66,218,Hypercholesterolemia
81,Female,13.7,8.1,383,84,0.89,0.06,187,Hyperthyroidism
74,Female,14.0,8.1,368,83,0.95,0.06,176,Hyperthyroidism
25,Female,9.7,6.0,159,87,1.6,1.91,163,Chronic Kidney Disease
35,Male,10.8,8.4,334,73,2.64,1.34,169,Chronic Kidney Disease
43,Male,12.5,18.5,335,74,0.66,2.09,138,Infection
73,Female,11.3,8.4,308,87,3.74,3.47,170,Chronic Kidney Disease
31,Female,13.9,6.2,235,86,0.83,16.43,234,Hypothyroidism
69,Female,15.3,5.2,261,82,0.96,2.27,149,Healthy
39,Female,13.5,9.7,347,91,1.2,0.02,179,Hyperthyroidism
48,Male,14.2,5.7,329,188,0.71,3.08,165,Diabetes
40,Female,14.7,5.6,244,84,0.93,0.05,161,Hyperthyroidism
78,Male,16.3,7.5,243,84,1.06,3.58,282,Hypercholesterolemia
23,Male,11.4,5.4,237,66,1.05,3.03,163,Healthy
71,Female,12.9,5.8,348,190,0.82,1.54,166,Diabetes
20,Female,13.4,7.3,298,94,0.87,0.04,173,Hyperthyroidism
31,Male,13.7,6.3,355,145,0.75,4.13,165,Diabetes
84,Male,9.7,7.9,374,93,2.26,2.26,177,Chronic Kidney Disease
82,Male,9.5,6.9,218,84,0.76,3.55,179,Anemia
42,Female,14.2,4.1,291,87,1.06,1.97,296,Hypercholesterolemia
61,Male,14.0,6.3,270,84,0.73,0.06,167,Hyperthyroidism
76,Male,14.4,7.9,276,80,0.83,2.64,150,Healthy
39,Male,8.8,9.8,264,87,1.6,1.87,160,Chronic Kidney Disease
69,Male,14.1,5.8,367,74,1.07,12.7,206,Hypothyroidism
64,Female,15.1,7.7,267,88,0.85,1.22,164,Healthy
18,Male,8.5,8.9,204,81,0.76,2.44,167,Anemia
69,Male,11.3,8.6,251,87,4.65,2.12,161,Chronic Kidney Disease
38,Male,13.6,8.6,365,186,1.01,3.16,154,Diabetes
70,Female,12.9,20.0,360,79,0.7,2.88,144,Infection
30,Male,14.6,6.1,192,80,0.74,16.04,202,Hypothyroidism
80,Male,14.2,6.9,319,70,1.06,2.13,175,Healthy
54,Male,13.1,7.1,249,80,0.64,3.76,141,Healthy
28,Male,10.7,7.2,362,83,4.28,4.07,173,Chronic Kidney Disease
62,Male,14.4,8.7,308,85,1.0,1.95,334,Hypercholesterolemia
30,Female,7.7,8.3,189,70,0.81,2.86,159,Anemia
18,Male,13.0,8.1,279,85,1.03,2.15,217,Hypercholesterolemia
30,Male,14.4,3.8,197,81,0.87,15.48,242,Hypothyroidism
80,Female,7.8,7.6,261,77,1.1,2.96,178,Anemia
77,Female,14.3,7.6,339,77,0.89,9.31,234,Hypothyroidism
69,Male,10.3,6.4,198,103,1.15,1.35,160,Healthy
32,Male,15.6,8.2,306,82,1.03,2.41,153,Healthy
20,Male,14.6,9.1,288,218,0.76,3.02,168,Diabetes
78,Male,14.8,9.0,376,95,0.98,18.3,199,Hypothyroidism
53,Female,14.5,7.0,337,73,0.56,2.73,278,Hypercholesterolemia
26,Male,15.9,9.4,273,191,1.07,3.56,194,Diabetes
41,Male,16.1,16.7,261,86,0.94,1.39,154,Infection
62,Female,11.4,7.9,334,89,4.81,3.1,164,Chronic Kidney Disease
83,Female,14.1,9.7,286,192,0.82,3.32,149,Diabetes
21,Male,14.7,7.0,267,87,0.93,17.23,226,Hypothyroidism
28,Female,13.9,8.8,322,97,0.97,20.34,192,Hypothyroidism
36,Female,12.1,18.4,284,88,0.95,1.83,156,Infection
25,Female,14.6,18.5,346,76,0.71,1.3,154,Infection
26,Male,13.1,19.3,279,73,1.03,1.94,142,Infection
73,Female,14.5,6.0,199,98,0.93,0.03,143,Hyperthyroidism
48,Female,12.9,7.9,231,186,1.06,1.54,167,Diabetes
83,Male,8.6,6.8,218,89,4.79,2.4,138,Chronic Kidney Disease
77,Male,10.7,6.4,265,83,6.07,1.95,152,Chronic Kidney Disease
50,Male,12.0,14.5,346,90,0.63,2.98,162,Infection
28,Male,7.7,8.0,223,85,0.86,1.48,160,Anemia
65,Male,15.5,6.0,299,80,0.67,0.54,164,Healthy
36,Male,10.6,4.4,314,90,4.43,2.38,167,Chronic Kidney Disease
36,Female,14.4,14.4,320,81,0.99,1.38,143,Infection
24,Female,15.5,7.8,261,86,0.82,0.05,156,Hyperthyroidism
41,Male,16.2,8.0,312,78,0.82,0.01,150,Hyperthyroidism
70,Female,15.6,7.7,297,297,1.01,2.31,169,Diabetes
22,Male,16.2,5.0,211,89,0.78,0.1,149,Hyperthyroidism
33,Female,13.1,6.8,248,85,1.0,2.0,314,Hypercholesterolemia
34,Male,11.9,8.1,266,92,0.93,15.58,203,Hypothyroidism
74,Male,9.2,7.7,327,85,0.7,2.29,182,Anemia
31,Male,14.8,5.7,254,86,1.14,25.83,233,Hypothyroidism
44,Male,13.7,6.4,278,68,0.68,0.05,163,Hyperthyroidism
18,Male,14.0,8.6,270,86,0.85,21.31,238,Hypothyroidism
41,Female,15.5,6.8,398,89,0.96,1.34,179,Healthy
83,Male,11.5,7.3,372,101,2.97,1.53,122,Chronic Kidney Disease
58,Male,15.0,8.9,272,87,0.74,2.33,269,Hypercholesterolemia
74,Female,13.1,18.0,320,79,0.96,2.51,162,Infection
55,Female,16.4,8.0,287,85,0.81,8.39,193,Hypothyroidism
74,Male,12.0,8.1,405,91,0.99,0.95,161,Healthy
72,Male,14.8,9.2,416,87,0.68,17.76,213,Hypothyroidism
18,Male,11.4,5.2,356,92,1.09,2.69,157,Healthy
76,Female,12.9,3.9,270,85,0.9,3.05,251,Hypercholesterolemia
67,Male,13.5,6.5,219,77,4.37,2.37,151,Chronic Kidney Disease
50,Male,13.9,7.2,268,92,1.04,3.37,210,Hypercholesterolemia
28,Female,11.3,3.7,318,85,5.92,1.57,166,Chronic Kidney Disease
34,Male,8.8,8.5,260,90,2.06,1.81,148,Chronic Kidney Disease
21,Female,12.8,8.1,280,85,0.95,2.77,172,Healthy
67,Male,9.5,5.6,266,85,1.03,1.5,157,Anemia
57,Female,10.5,6.0,267,79,5.99,3.09,163,Chronic Kidney Disease
77,Female,15.7,8.0,254,148,0.83,1.67,163,Diabetes
43,Female,13.6,7.1,317,76,1.09,2.51,182,Healthy
24,Female,15.0,6.6,335,89,1.22,0.03,175,Hyperthyroidism
40,Female,14.7,7.4,214,96,0.88,0.09,159,Hyperthyroidism
48,Female,9.9,4.2,141,94,0.91,1.91,166,Anemia
69,Female,13.5,5.8,272,70,0.8,2.16,258,Hypercholesterolemia
74,Male,14.4,8.8,219,100,0.8,1.1,285,Hypercholesterolemia
64,Male,10.1,8.3,333,64,3.82,1.48,165,Chronic Kidney Disease
37,Female,11.0,21.0,287,70,0.7,3.53,147,Infection
49,Female,14.5,9.4,379,85,0.91,0.76,299,Hypercholesterolemia
50,Male,14.2,3.2,275,197,0.74,2.62,186,Diabetes
53,Female,14.8,7.0,338,76,0.85,20.89,212,Hypothyroidism
76,Female,10.5,7.1,235,94,4.1,2.0,162,Chronic Kidney Disease
78,Male,10.9,8.0,166,83,0.97,1.51,148,Anemia
46,Female,10.3,7.7,334,82,4.85,1.05,162,Chronic Kidney Disease
80,Female,8.7,9.1,160,86,1.03,2.87,176,Anemia
39,Male,15.5,7.0,246,86,0.92,2.34,249,Hypercholesterolemia
52,Female,8.3,8.3,288,92,5.19,2.72,162,Chronic Kidney Disease
74,Female,14.3,3.5,244,83,0.94,2.19,235,Hypercholesterolemia
23,Male,16.9,7.3,245,84,0.98,2.72,191,Healthy
36,Female,11.8,5.5,250,81,0.87,0.61,171,Healthy
33,Male,12.5,7.1,323,82,0.95,0.47,170,Healthy
65,Female,13.7,8.3,362,83,0.84,0.09,161,Hyperthyroidism
21,Female,15.7,8.3,262,213,0.91,1.08,150,Diabetes
68,Male,9.4,7.8,265,91,6.01,2.62,143,Chronic Kidney Disease
43,Female,8.2,6.1,270,94,0.96,2.14,161,Anemia
69,Male,13.4,19.2,309,87,0.92,1.79,147,Infection
80,Female,14.5,6.4,331,100,1.02,15.12,236,Hypothyroidism
69,Female,9.5,5.4,278,85,0.9,3.81,146,Anemia
45,Female,12.4,21.1,279,90,0.85,3.35,180,Infection
22,Female,13.4,8.6,277,86,1.07,0.09,147,Hyperthyroidism
75,Female,16.0,6.9,248,75,1.02,1.26,133,Healthy
19,Male,17.1,10.8,332,76,0.68,0.12,137,Hyperthyroidism
44,Male,13.3,9.6,241,95,1.0,2.36,162,Infection
41,Male,14.1,7.7,281,95,0.67,3.06,146,Healthy
79,Female,13.9,7.4,272,175,1.0,2.6,153,Diabetes
64,Male,16.1,7.0,279,82,0.93,14.67,257,Hypothyroidism
42,Female,13.7,7.2,255,75,1.2,0.55,150,Healthy
77,Female,15.0,8.0,396,86,1.09,3.23,261,Hypercholesterolemia
60,Male,13.7,6.7,312,106,0.68,23.66,203,Hypothyroidism
59,Female,15.7,5.6,275,217,0.73,2.75,144,Diabetes
30,Female,15.8,8.9,296,83,0.88,14.47,197,Hypothyroidism
51,Male,14.9,4.8,223,90,0.99,23.45,258,Hypothyroidism
60,Female,9.2,7.4,218,86,0.83,1.87,152,Anemia
37,Female,15.1,7.6,326,83,0.99,13.72,191,Hypothyroidism
64,Male,12.5,8.8,354,93,0.72,15.43,229,Hypothyroidism
44,Female,11.0,5.8,356,85,2.9,1.08,148,Chronic Kidney Disease
76,Male,14.3,7.1,328,200,0.56,0.23,162,Diabetes
23,Female,14.2,6.9,294,84,1.13,13.87,221,Hypothyroidism
54,Male,13.4,10.4,192,77,0.84,0.86,152,Infection
52,Male,12.6,8.7,288,93,0.79,2.59,170,Healthy
24,Male,15.1,7.0,251,81,0.78,1.96,171,Healthy
52,Female,8.1,4.0,192,79,1.1,2.73,139,Anemia
18,Male,10.9,6.6,272,90,2.25,4.28,147,Chronic Kidney Disease
47,Female,13.8,5.6,315,88,0.91,13.86,230,Hypothyroidism
69,Female,14.6,6.0,319,144,0.94,2.24,138,Diabetes
22,Female,10.3,6.5,412,78,6.37,2.13,129,Chronic Kidney Disease
71,Female,15.1,20.9,338,79,0.92,2.95,159,Infection
67,Male,12.9,7.6,344,93,1.29,3.64,294,Hypercholesterolemia
42,Female,14.7,6.8,275,195,0.85,3.75,166,Diabetes
76,Female,8.0,4.7,144,86,1.06,1.4,146,Anemia
68,Male,15.1,4.4,165,90,0.95,0.74,160,Healthy
81,Male,16.6,5.0,291,76,0.82,20.86,258,Hypothyroidism
81,Male,12.4,9.8,271,93,0.81,2.63,141,Infection
51,Female,15.0,8.5,228,101,0.52,1.5,158,Healthy
81,Female,14.8,7.9,352,187,0.7,1.39,139,Diabetes
50,Male,11.0,6.3,264,89,2.87,2.09,159,Chronic Kidney Disease
48,Female,13.1,8.0,269,86,0.98,0.08,180,Hyperthyroidism
23,Female,13.8,4.7,273,91,0.98,2.49,171,Healthy
82,Female,9.5,9.6,109,82,0.99,3.5,163,Anemia
74,Female,14.7,13.1,251,69,1.13,2.42,168,Infection
84,Female,8.8,6.4,114,71,0.95,2.71,176,Anemia
36,Female,10.9,6.5,423,81,4.54,1.9,169,Chronic Kidney Disease
19,Female,14.7,5.3,211,88,1.03,0.15,155,Hyperthyroidism
71,Male,13.6,19.3,343,85,0.96,1.59,165,Infection
69,Male,14.0,5.7,259,78,1.02,0.08,160,Hyperthyroidism
70,Female,14.4,21.5,309,93,0.84,1.53,158,Infection
30,Female,16.5,8.8,357,92,0.75,15.88,201,Hypothyroidism
37,Male,16.7,6.0,232,83,0.97,16.2,254,Hypothyroidism
41,Male,15.3,8.7,334,85,1.1,1.82,158,Healthy
59,Female,6.7,5.5,248,87,1.03,1.2,150,Anemia
51,Female,13.3,6.9,320,157,1.1,2.08,145,Diabetes
36,Female,8.8,8.5,109,77,0.93,2.54,179,Anemia
35,Male,13.3,15.7,329,79,0.88,1.84,148,Infection
58,Male,15.8,8.5,243,82,0.7,0.05,173,Hyperthyroidism
71,Male,12.5,21.3,313,90,0.82,3.94,184,Infection
22,Male,15.4,7.3,239,184,1.0,1.86,152,Diabetes
53,Male,16.7,4.8,205,77,0.85,3.29,146,Healthy
32,Female,14.0,18.4,248,75,1.11,1.72,175,Infection
41,Female,14.7,5.8,289,91,0.74,1.45,256,Hypercholesterolemia
52,Male,14.3,9.8,321,94,0.91,2.15,254,Hypercholesterolemia
33,Male,14.4,7.5,317,100,0.68,25.75,189,Hypothyroidism
24,Female,12.4,7.9,148,75,1.12,2.77,267,Hypercholesterolemia
61,Male,14.1,9.5,286,81,1.11,11.91,214,Hypothyroidism
26,Female,14.0,8.8,177,81,0.67,18.59,224,Hypothyroidism
39,Male,12.6,7.3,270,80,3.87,2.73,178,Chronic Kidney Disease
67,Male,9.8,6.8,241,73,1.6,3.22,157,Chronic Kidney Disease
84,Male,14.8,7.7,348,95,1.06,3.7,168,Healthy
35,Female,14.6,17.0,358,86,0.94,3.15,154,Infection
57,Male,9.3,6.7,78,87,1.0,0.99,140,Anemia
62,Female,15.4,9.3,288,83,0.93,12.85,198,Hypothyroidism
35,Male,13.9,7.8,288,86,1.03,0.1,177,Hyperthyroidism
63,Female,13.4,7.8,306,99,0.88,1.9,303,Hypercholesterolemia
45,Male,15.5,9.4,235,78,0.95,1.68,250,Hypercholesterolemia
54,Male,9.7,9.0,299,88,1.0,2.06,150,Anemia
58,Female,14.3,8.6,310,82,1.1,15.38,257,Hypothyroidism
55,Female,13.7,12.2,234,84,0.69,3.19,141,Infection
74,Female,13.1,9.7,253,88,0.85,0.13,144,Hyperthyroidism
52,Female,7.3,9.2,199,86,0.93,1.75,171,Anemia
80,Male,14.4,14.0,284,85,0.75,2.83,151,Infection
30,Female,14.2,16.4,294,70,0.74,2.1,144,Infection
24,Female,12.9,6.3,285,79,0.77,2.68,280,Hypercholesterolemia
64,Male,12.6,15.2,289,85,0.96,2.66,172,Infection
58,Male,12.4,13.4,336,82,0.87,1.35,171,Infection
49,Male,16.0,10.8,259,81,0.74,3.27,162,Healthy
27,Male,10.9,5.0,283,89,3.29,3.38,192,Chronic Kidney Disease
29,Female,13.0,17.8,336,91,0.8,2.7,165,Infection
53,Male,7.1,8.0,216,78,0.82,2.83,159,Anemia
62,Female,14.7,15.3,301,96,0.98,2.76,179,Infection
70,Male,13.1,13.2,292,96,0.96,2.11,165,Infection
32,Male,14.8,6.7,277,86,0.77,19.22,179,Hypothyroidism
20,Male,15.0,8.5,250,83,0.69,0.64,161,Healthy
32,Male,13.9,7.1,230,101,0.99,2.64,277,Hypercholesterolemia
35,Female,8.6,5.3,256,83,1.02,0.62,182,Anemia
69,Female,9.6,8.3,279,78,0.86,3.59,176,Anemia
60,Male,15.0,8.7,295,86,0.87,0.92,223,Hypercholesterolemia
21,Male,14.6,10.2,225,81,0.86,1.85,362,Hypercholesterolemia
71,Female,15.8,6.5,217,231,0.93,1.96,149,Diabetes
76,Female,10.5,7.0,245,91,4.13,2.22,174,Chronic Kidney Disease
76,Female,15.4,7.0,312,88,0.8,10.07,227,Hypothyroidism
70,Male,13.6,6.9,350,91,1.12,0.03,169,Hyperthyroidism
42,Female,10.7,24.2,246,86,0.79,1.81,179,Infection
51,Male,13.0,7.3,289,84,0.44,1.5,307,Hypercholesterolemia
54,Male,15.0,9.6,272,77,1.03,0.05,188,Hyperthyroidism
57,Male,9.6,8.3,257,95,1.17,2.24,172,Anemia
42,Male,10.3,8.8,165,88,0.77,1.75,153,Anemia
43,Female,13.4,7.4,325,110,1.03,1.86,181,Diabetes
82,Male,15.3,7.3,326,92,0.8,1.56,144,Healthy
74,Male,9.8,8.5,324,90,2.15,0.67,158,Chronic Kidney Disease
41,Female,16.2,6.5,255,84,0.84,1.38,293,Hypercholesterolemia
35,Female,7.7,4.8,229,87,0.81,1.66,156,Anemia
26,Male,13.2,10.6,209,171,0.77,2.12,149,Diabetes
64,Male,10.1,6.9,248,80,5.22,2.77,150,Chronic Kidney Disease
52,Female,9.9,7.1,297,83,5.66,2.63,145,Chronic Kidney Disease
57,Male,14.0,7.2,230,95,1.01,2.72,156,Healthy
36,Male,14.1,7.3,336,73,0.8,2.63,161,Healthy
41,Male,15.0,7.4,217,174,1.02,1.46,136,Diabetes
61,Female,8.2,4.1,246,83,1.07,1.81,147,Anemia
19,Female,15.2,8.2,187,80,0.99,13.82,240,Hypothyroidism
31,Male,11.0,6.8,364,85,2.45,0.79,153,Chronic Kidney Disease
23,Female,15.0,4.6,313,74,1.05,20.06,242,Hypothyroidism
83,Male,9.5,5.1,163,75,0.8,1.33,160,Anemia
37,Female,14.9,8.2,244,64,0.72,3.13,264,Hypercholesterolemia
23,Male,9.5,9.5,312,77,3.54,3.05,154,Chronic Kidney Disease
64,Female,10.1,5.9,223,84,2.65,2.63,163,Chronic Kidney Disease
40,Female,13.9,8.2,269,224,1.19,2.17,146,Diabetes
37,Female,10.1,6.9,249,85,0.75,0.14,167,Anemia
18,Female,14.6,5.5,321,106,0.93,18.2,250,Hypothyroidism
51,Female,14.0,10.2,251,94,1.03,25.64,219,Hypothyroidism
81,Male,9.5,7.0,239,75,1.72,1.05,163,Chronic Kidney Disease
84,Female,11.0,6.7,322,77,4.11,2.65,165,Chronic Kidney Disease
38,Male,13.4,6.4,328,103,0.96,2.12,152,Healthy
68,Male,16.4,6.6,303,85,0.75,23.57,234,Hypothyroidism
52,Female,14.5,6.1,276,76,0.76,0.04,148,Hyperthyroidism
47,Male,13.1,8.3,215,88,0.86,0.08,140,Hyperthyroidism
60,Male,13.8,13.7,297,80,0.98,1.97,143,Infection
83,Female,13.0,5.6,361,173,0.73,3.34,157,Diabetes
49,Male,14.9,9.7,268,73,0.88,10.0,209,Hypothyroidism
51,Male,11.8,12.4,241,68,0.89,3.81,149,Infection
81,Male,14.3,11.9,276,81,0.71,1.74,179,Infection
65,Male,14.0,7.3,268,105,0.98,2.13,319,Hypercholesterolemia
61,Male,14.5,7.3,290,77,0.64,0.11,133,Hyperthyroidism
60,Male,14.8,9.4,289,159,0.83,1.89,149,Diabetes
80,Male,15.1,9.0,265,77,0.69,0.08,150,Hyperthyroidism
45,Male,14.6,5.5,371,183,0.84,2.57,171,Diabetes
38,Female,13.5,7.6,340,75,0.75,0.04,167,Hyperthyroidism
65,Female,14.7,7.5,236,78,1.03,2.69,138,Healthy
83,Male,12.1,17.9,254,75,0.95,3.33,161,Infection
81,Female,14.5,5.8,232,78,1.04,0.08,152,Hyperthyroidism
82,Male,10.2,5.9,250,86,0.6,2.55,164,Anemia
79,Female,16.6,8.2,315,213,0.93,1.95,139,Diabetes
40,Male,14.8,7.3,295,95,0.99,2.72,238,Hypercholesterolemia
51,Male,7.1,5.5,174,77,1.02,2.84,178,Anemia
69,Female,10.6,7.0,352,87,2.68,1.04,168,Chronic Kidney Disease
58,Female,9.3,7.7,199,80,1.16,2.73,170,Anemia
59,Male,10.2,24.0,291,101,1.11,1.46,155,Infection
56,Female,14.6,8.4,339,87,0.91,0.1,181,Hyperthyroidism
69,Female,12.4,6.1,246,93,0.87,1.48,143,Healthy
65,Male,15.2,6.4,340,73,0.86,9.12,219,Hypothyroidism
65,Female,13.1,10.9,313,84,0.87,1.16,245,Hypercholesterolemia
70,Male,13.6,7.8,296,76,1.0,3.4,160,Healthy
81,Female,15.2,7.2,362,83,0.87,1.62,263,Hypercholesterolemia
22,Male,12.4,17.2,326,81,0.84,1.95,166,Infection
64,Female,14.4,6.8,404,83,0.87,2.22,316,Hypercholesterolemia
30,Female,16.2,9.4,355,122,0.89,3.19,168,Diabetes
75,Female,15.6,7.4,286,76,0.81,1.58,247,Hypercholesterolemia
54,Female,13.7,7.0,296,103,0.75,0.06,168,Hyperthyroidism
80,Female,13.2,8.1,217,97,0.89,17.84,240,Hypothyroidism
63,Male,9.0,6.0,144,78,1.17,0.62,144,Anemia
23,Female,7.8,8.6,282,76,1.13,3.18,154,Anemia
56,Female,11.7,13.4,186,102,0.6,0.79,154,Infection
35,Male,11.1,8.2,190,97,1.6,1.95,147,Chronic Kidney Disease
83,Male,14.4,6.5,204,153,1.13,1.65,158,Diabetes
39,Female,12.2,6.7,281,90,4.15,2.1,167,Chronic Kidney Disease
27,Female,15.2,8.7,321,90,0.88,15.52,201,Hypothyroidism
58,Female,6.3,8.1,222,85,1.06,1.94,141,Anemia
43,Male,9.5,6.3,199,95,1.15,2.82,170,Anemia
66,Male,11.3,6.6,345,80,5.18,3.35,159,Chronic Kidney Disease
76,Male,9.7,6.5,333,95,3.59,1.71,165,Chronic Kidney Disease
46,Male,15.0,10.7,258,90,0.66,2.39,156,Healthy
70,Female,10.1,8.1,240,80,1.6,2.27,159,Chronic Kidney Disease
20,Male,13.4,6.6,233,194,1.02,1.59,141,Diabetes
29,Female,11.3,7.9,351,80,2.75,3.42,151,Chronic Kidney Disease
35,Male,13.7,8.4,222,80,0.97,1.27,154,Healthy
71,Female,10.6,6.5,238,73,5.91,2.45,157,Chronic Kidney Disease
34,Male,7.6,6.8,180,90,0.82,1.23,179,Anemia
35,Female,16.1,6.8,306,86,0.83,17.47,235,Hypothyroidism
63,Male,11.5,13.6,312,99,0.88,3.31,170,Infection
53,Male,12.7,23.6,288,88,1.0,1.0,155,Infection
75,Female,13.1,7.2,290,77,1.16,1.19,167,Healthy
43,Female,16.9,8.5,333,79,0.87,0.08,150,Hyperthyroidism
72,Male,12.5,7.2,377,88,5.29,2.37,175,Chronic Kidney Disease
52,Female,13.1,20.2,328,81,1.12,2.46,163,Infection
56,Male,8.8,5.7,206,84,0.65,1.85,152,Anemia
55,Male,14.9,4.4,282,110,0.94,2.99,125,Diabetes
47,Male,14.0,7.6,170,76,0.8,0.11,160,Hyperthyroidism
25,Female,10.6,6.6,275,75,4.3,1.05,154,Chronic Kidney Disease
44,Male,14.3,5.1,315,204,0.72,2.53,161,Diabetes
75,Male,9.4,6.2,295,75,6.48,1.66,158,Chronic Kidney Disease
26,Female,15.3,6.5,221,85,0.88,15.73,198,Hypothyroidism
54,Male,10.6,6.2,355,79,5.12,1.03,170,Chronic Kidney Disease
71,Female,9.0,7.2,161,77,0.61,1.79,151,Anemia
43,Female,8.4,8.3,285,84,1.03,2.47,128,Anemia
19,Female,11.3,13.3,293,76,1.07,1.62,151,Infection
72,Male,15.1,6.2,345,96,1.22,3.93,358,Hypercholesterolemia
51,Female,15.4,24.6,314,86,0.97,2.13,159,Infection
65,Female,16.7,5.8,309,83,0.88,1.05,215,Hypercholesterolemia
58,Female,11.5,6.8,256,76,3.85,3.07,182,Chronic Kidney Disease
65,Male,16.1,7.1,204,72,1.03,2.68,210,Hypercholesterolemia
19,Female,14.9,8.3,216,75,0.71,3.18,271,Hypercholesterolemia
41,Female,11.1,9.9,125,104,4.45,2.7,174,Chronic Kidney Disease
59,Male,15.6,6.1,294,79,0.91,2.67,162,Healthy
59,Male,13.8,7.8,241,75,0.98,2.25,275,Hypercholesterolemia
33,Male,12.2,19.5,279,70,0.85,3.26,173,Infection
80,Male,16.9,6.5,266,77,0.95,17.53,192,Hypothyroidism
52,Male,12.1,5.7,286,92,2.24,2.63,180,Chronic Kidney Disease
59,Male,15.2,9.6,292,84,0.93,3.47,183,Healthy
69,Male,10.0,5.9,267,83,4.48,2.48,182,Chronic Kidney Disease
55,Male,14.5,5.0,305,85,0.82,1.71,184,Healthy
60,Female,8.3,8.5,289,76,0.69,0.88,190,Anemia
63,Male,16.4,8.1,194,199,1.06,3.36,170,Diabetes
67,Female,13.7,8.6,235,152,0.92,2.7,141,Diabetes
32,Female,15.1,6.9,188,72,0.93,2.72,175,Healthy
71,Male,10.7,6.0,208,75,2.32,2.21,147,Chronic Kidney Disease
80,Male,10.4,8.0,11,91,0.91,1.63,142,Anemia
50,Female,14.4,8.8,245,84,0.9,1.93,153,Healthy
23,Female,13.5,8.2,251,83,0.75,14.58,228,Hypothyroidism
57,Female,14.6,4.9,264,110,1.08,1.84,177,Diabetes
65,Male,11.8,19.5,238,91,0.84,1.88,157,Infection
30,Male,12.6,16.7,240,78,0.8,0.21,118,Infection
76,Male,11.2,23.1,256,81,0.76,2.46,155,Infection
23,Male,12.7,9.5,220,89,0.91,2.51,152,Infection
24,Female,9.1,2.9,46,76,0.85,1.83,150,Anemia
77,Female,7.6,9.0,236,94,0.79,3.49,173,Anemia
69,Female,8.0,8.5,357,87,0.68,2.75,166,Anemia
53,Male,15.0,8.6,348,81,0.98,0.1,177,Hyperthyroidism
47,Female,9.1,8.2,102,85,0.82,2.66,179,Anemia
36,Female,15.8,9.7,411,84,1.01,2.11,271,Hypercholesterolemia
18,Male,14.9,6.4,385,328,0.99,2.28,178,Diabetes
71,Female,16.4,6.8,279,248,1.21,1.28,167,Diabetes
29,Male,16.4,6.2,242,193,1.03,1.62,179,Diabetes
34,Male,15.6,4.2,189,218,1.0,1.69,149,Diabetes
78,Male,14.4,5.9,362,89,0.69,20.43,227,Hypothyroidism
65,Female,13.4,9.3,277,76,0.87,0.12,144,Hyperthyroidism
38,Female,11.9,13.0,244,97,0.9,2.5,168,Infection
44,Female,14.3,6.0,374,87,1.07,1.02,160,Healthy
54,Female,10.7,5.7,377,77,1.6,1.02,160,Chronic Kidney Disease
36,Female,16.6,6.6,324,82,0.95,23.72,192,Hypothyroidism
45,Female,14.8,7.1,249,178,0.67,2.92,164,Diabetes
59,Female,12.8,5.1,288,87,0.97,0.07,132,Hyperthyroidism
27,Male,13.5,10.4,298,91,0.92,2.67,163,Healthy
60,Female,15.4,6.7,293,84,0.86,24.04,218,Hypothyroidism
67,Male,13.3,9.1,273,84,0.85,1.73,226,Hypercholesterolemia
81,Female,15.9,6.7,299,94,0.9,2.06,160,Healthy
20,Female,14.6,9.8,260,84,1.03,0.01,142,Hyperthyroidism
22,Male,14.7,8.2,278,78,0.71,0.92,221,Hypercholesterolemia
44,Female,14.7,22.1,292,86,0.98,2.07,167,Infection
64,Female,15.0,6.0,279,84,0.72,0.87,256,Hypercholesterolemia
65,Female,15.0,7.6,331,170,0.91,1.79,171,Diabetes
70,Female,14.0,7.2,313,201,1.01,2.34,162,Diabetes
56,Male,14.7,6.8,233,89,0.79,2.65,161,Healthy
54,Female,13.4,6.2,306,146,1.16,1.84,153,Diabetes
40,Male,15.4,8.1,250,102,1.17,1.59,176,Healthy
26,Male,10.2,10.6,149,91,0.87,0.63,182,Anemia
33,Male,15.7,8.4,214,90,1.11,2.08,140,Healthy
24,Male,15.5,6.3,193,200,1.09,2.62,181,Diabetes
24,Female,9.4,5.0,126,93,0.96,2.01,171,Anemia
61,Male,14.5,4.2,303,82,1.16,1.67,129,Healthy
29,Male,13.8,5.6,218,99,1.02,2.29,140,Healthy
35,Female,15.6,6.1,299,179,0.93,4.45,151,Diabetes
65,Male,9.4,5.5,319,75,3.11,1.71,162,Chronic Kidney Disease
69,Male,6.9,4.0,219,83,0.85,2.22,185,Anemia
20,Female,14.7,7.7,177,100,0.94,3.32,144,Infection
56,Female,15.3,9.3,263,97,0.83,3.39,144,Healthy
42,Female,16.8,8.7,184,87,0.89,0.07,161,Hyperthyroidism
77,Female,10.3,8.8,269,81,0.73,2.92,163,Anemia
47,Male,15.2,5.0,234,79,1.04,5.0,244,Hypothyroidism
70,Female,17.1,6.3,269,78,0.87,25.19,180,Hypothyroidism
63,Male,14.8,5.7,237,86,0.92,2.02,141,Healthy
23,Female,15.9,8.8,340,85,0.88,2.02,249,Hypercholesterolemia
40,Female,14.1,7.4,202,96,1.02,0.08,149,Hyperthyroidism
84,Male,14.7,7.7,247,89,0.91,0.1,148,Hyperthyroidism
83,Male,13.2,8.8,289,77,1.17,1.62,245,Hypercholesterolemia
71,Female,13.9,6.6,332,218,0.83,1.46,159,Diabetes
76,Female,10.2,21.3,327,81,0.85,2.67,168,Infection
49,Male,13.2,8.4,316,79,0.73,0.09,172,Hyperthyroidism
56,Male,15.5,7.7,286,78,0.88,2.88,177,Healthy
38,Male,11.1,6.5,293,86,3.19,2.42,179,Chronic Kidney Disease
69,Male,16.6,12.5,296,80,0.81,0.15,188,Hyperthyroidism
44,Female,13.2,4.4,244,81,1.06,0.11,193,Hyperthyroidism
44,Female,15.1,8.6,302,87,0.99,0.02,168,Hyperthyroidism
38,Male,16.1,5.7,324,77,0.89,13.2,249,Hypothyroidism
72,Male,13.5,6.5,275,87,0.97,0.06,152,Hyperthyroidism
20,Male,15.3,8.5,364,83,0.89,3.51,173,Healthy
78,Male,12.2,4.7,386,72,0.9,2.39,303,Hypercholesterolemia
37,Male,11.7,23.7,278,83,1.21,3.4,155,Infection
37,Female,9.4,6.4,227,75,4.66,2.51,189,Chronic Kidney Disease
77,Female,16.2,7.8,289,91,0.93,1.59,252,Hypercholesterolemia
80,Female,13.2,6.9,332,82,0.97,1.82,283,Hypercholesterolemia
54,Male,14.9,8.0,313,86,0.72,14.36,209,Hypothyroidism
73,Female,14.7,13.1,317,85,0.75,0.79,164,Infection
59,Female,6.8,6.9,177,86,1.15,1.29,163,Anemia
41,Male,14.3,9.9,208,79,0.64,19.72,220,Hypothyroidism
42,Female,6.9,6.6,306,81,0.89,3.33,172,Anemia
40,Male,13.0,5.5,374,76,0.78,3.38,298,Hypercholesterolemia
84,Male,11.0,6.9,272,92,1.6,2.86,164,Chronic Kidney Disease
19,Male,8.4,2.7,206,89,1.21,1.26,138,Anemia
23,Female,10.9,21.6,275,89,0.92,3.02,164,Infection
63,Female,14.0,5.3,295,89,1.24,2.43,261,Hypercholesterolemia
38,Male,14.5,9.5,218,96,0.98,1.55,152,Healthy
55,Male,15.3,7.9,351,88,0.87,14.27,215,Hypothyroidism
42,Female,15.6,7.2,236,91,1.04,0.12,158,Hyperthyroidism
54,Female,14.8,21.2,204,81,0.85,2.23,150,Infection
64,Male,16.6,5.2,302,92,0.78,4.41,260,Hypercholesterolemia
74,Male,10.8,15.6,280,90,1.08,2.16,158,Infection
64,Male,13.5,6.6,174,73,0.85,0.06,156,Hyperthyroidism
37,Male,14.0,4.9,293,74,0.85,2.85,135,Healthy
57,Male,7.4,7.1,154,80,0.76,1.63,152,Anemia
34,Female,12.5,6.3,311,91,0.82,15.87,200,Hypothyroidism
31,Female,14.4,16.3,323,81,0.86,3.54,162,Infection
31,Female,14.8,9.0,273,85,0.79,1.5,285,Hypercholesterolemia
33,Male,10.2,16.9,253,83,0.74,1.82,138,Infection
51,Male,9.7,7.2,270,88,1.0,1.12,159,Anemia
71,Male,14.7,5.4,221,124,0.86,3.21,154,Diabetes
37,Male,10.7,8.4,370,85,4.06,2.89,196,Chronic Kidney Disease
64,Female,14.7,6.8,291,75,0.74,2.13,144,Healthy
49,Female,11.5,18.0,290,77,1.14,1.0,147,Infection
41,Male,11.9,10.1,226,89,1.6,1.21,151,Chronic Kidney Disease
50,Female,13.3,16.3,323,90,0.78,2.54,164,Infection
30,Female,11.3,20.5,321,78,0.64,3.41,173,Infection
36,Male,10.5,6.8,297,93,1.6,1.48,156,Chronic Kidney Disease
48,Female,13.6,9.4,337,78,0.93,2.24,319,Hypercholesterolemia
60,Female,15.6,6.9,307,90,0.97,0.08,168,Hyperthyroidism
21,Female,15.5,6.0,145,88,1.0,10.16,218,Hypothyroidism
26,Female,14.2,6.4,230,80,0.9,0.17,144,Hyperthyroidism
73,Female,14.7,5.9,298,82,0.97,10.54,199,Hypothyroidism
32,Female,14.0,14.5,251,79,1.04,1.96,169,Infection
18,Female,12.0,6.2,313,181,1.12,1.63,167,Diabetes
77,Female,18.0,6.9,197,73,0.79,1.26,277,Hypercholesterolemia
41,Female,15.1,7.0,282,87,1.04,1.39,151,Healthy
35,Male,14.1,7.3,309,99,0.92,0.1,152,Hyperthyroidism
74,Male,12.7,5.3,277,110,0.71,2.73,139,Diabetes
44,Female,14.5,8.4,348,101,0.63,3.05,301,Hypercholesterolemia
50,Female,13.1,6.7,237,272,1.0,1.7,166,Diabetes
26,Female,13.5,7.1,313,224,0.85,0.69,167,Diabetes
55,Male,15.9,6.1,310,77,0.84,11.63,293,Hypothyroidism
47,Female,9.2,6.0,185,85,1.65,2.3,164,Chronic Kidney Disease
36,Female,14.6,6.5,251,76,0.64,4.16,184,Healthy
27,Female,13.5,6.9,260,67,0.99,0.07,187,Hyperthyroidism
79,Female,14.5,16.6,294,82,0.93,2.86,139,Infection
32,Male,14.3,7.9,299,193,0.62,1.98,149,Diabetes
43,Male,14.2,8.4,264,81,0.76,2.05,148,Healthy
49,Male,15.4,6.8,327,81,0.88,0.1,139,Hyperthyroidism
72,Female,14.3,5.1,388,87,1.01,0.07,145,Hyperthyroidism
63,Male,8.8,13.4,389,88,0.63,2.29,145,Infection
58,Male,10.3,7.0,387,85,3.48,1.89,131,Chronic Kidney Disease
58,Male,14.1,6.2,281,75,0.62,0.08,149,Hyperthyroidism
39,Male,8.0,8.1,255,83,0.85,1.92,168,Anemia
25,Female,9.6,5.1,223,81,4.84,2.45,159,Chronic Kidney Disease
55,Male,16.2,6.7,326,96,1.03,2.97,161,Healthy
65,Male,13.6,7.5,316,88,0.73,0.08,169,Hyperthyroidism
37,Male,8.9,4.7,225,88,0.68,2.27,143,Anemia
34,Male,14.8,6.5,243,77,0.84,3.4,153,Healthy
69,Male,15.7,8.6,298,90,0.63,2.8,167,Healthy
45,Female,8.0,7.9,260,83,0.94,3.0,152,Anemia
43,Male,13.6,6.6,222,95,0.68,2.65,243,Hypercholesterolemia
76,Male,13.7,5.9,336,97,0.82,12.73,215,Hypothyroidism
84,Male,14.4,7.2,294,81,0.88,16.08,158,Hypothyroidism
49,Female,13.0,19.3,240,81,0.88,2.3,135,Infection
60,Female,8.5,4.3,208,75,0.76,1.17,153,Anemia
34,Female,13.6,5.8,332,81,0.61,5.0,210,Hypothyroidism
26,Male,11.2,7.4,268,87,6.35,1.87,166,Chronic Kidney Disease
33,Female,7.9,6.2,246,82,0.75,0.61,171,Anemia
61,Male,15.9,5.5,350,202,1.0,1.16,173,Diabetes
48,Female,13.4,7.7,331,87,1.08,0.12,181,Hyperthyroidism
50,Male,8.0,5.5,260,83,0.78,2.05,160,Anemia
70,Male,14.0,6.7,371,98,1.2,2.04,171,Healthy
53,Male,13.4,7.5,249,74,0.91,1.85,210,Hypercholesterolemia
33,Male,14.7,5.8,251,201,0.95,2.3,140,Diabetes
80,Male,14.0,7.5,289,83,0.89,7.96,194,Hypothyroidism
39,Male,9.0,6.4,366,82,1.03,2.28,163,Anemia
83,Male,9.7,7.0,234,70,0.54,3.05,179,Anemia
22,Male,13.2,20.1,263,93,0.97,0.86,141,Infection
27,Male,10.5,18.0,271,94,0.99,2.34,159,Infection
49,Female,14.7,4.9,276,90,0.84,1.91,153,Healthy
59,Male,15.1,4.9,279,95,0.97,1.49,159,Healthy
39,Female,13.7,6.2,287,80,0.9,3.39,146,Healthy
45,Male,13.8,6.9,255,97,0.73,2.82,293,Hypercholesterolemia
79,Male,16.2,6.7,349,86,0.82,1.62,279,Hypercholesterolemia
82,Male,14.5,8.3,225,76,0.98,4.22,139,Healthy
45,Male,10.8,11.0,318,78,4.88,0.97,137,Chronic Kidney Disease
72,Female,15.9,9.3,281,74,0.65,0.11,190,Hyperthyroidism
30,Male,9.6,8.7,283,88,1.6,1.82,173,Chronic Kidney Disease
46,Female,7.5,6.0,236,99,0.85,1.43,162,Anemia
70,Male,10.4,7.6,312,75,1.6,2.4,150,Chronic Kidney Disease
47,Male,15.0,3.5,331,87,0.92,3.57,241,Hypercholesterolemia
53,Female,13.1,9.2,318,88,0.75,2.03,275,Hypercholesterolemia
50,Female,14.6,8.3,216,76,0.85,0.01,164,Hyperthyroidism
44,Male,15.1,7.0,300,208,1.04,2.67,161,Diabetes
50,Male,14.0,9.0,306,128,1.11,3.34,158,Diabetes
32,Male,16.7,6.3,238,92,0.75,2.07,143,Healthy
28,Male,15.9,6.7,331,83,1.03,16.11,198,Hypothyroidism
27,Male,6.6,7.6,259,85,0.91,0.72,145,Anemia
18,Female,10.5,6.2,364,100,4.24,3.79,157,Chronic Kidney Disease
75,Female,12.5,9.0,284,117,1.13,3.48,159,Diabetes
38,Female,10.6,4.6,191,84,0.86,3.89,169,Anemia
60,Female,7.9,7.0,228,97,1.26,1.91,133,Anemia
84,Female,13.1,6.4,294,80,0.92,2.23,161,Healthy
80,Male,11.9,8.6,267,82,3.34,4.16,158,Chronic Kidney Disease
24,Male,11.3,18.7,283,75,1.21,2.79,157,Infection
61,Female,10.8,8.1,204,77,2.16,2.32,175,Chronic Kidney Disease
84,Female,12.3,19.5,227,81,0.79,3.16,173,Infection
75,Female,11.2,9.7,266,100,2.23,3.99,162,Chronic Kidney Disease
76,Female,15.6,5.6,251,82,0.64,2.37,317,Hypercholesterolemia
28,Female,13.9,6.6,323,90,0.85,16.35,254,Hypothyroidism
23,Male,12.3,5.1,326,76,0.8,2.89,306,Hypercholesterolemia
29,Female,7.2,5.4,299,110,0.73,2.54,144,Anemia
65,Female,14.6,5.5,297,94,1.21,2.16,256,Hypercholesterolemia
57,Female,11.7,21.7,194,94,0.99,0.98,194,Infection
26,Male,13.9,7.2,290,123,1.25,1.36,182,Diabetes
37,Male,14.4,7.1,237,82,0.79,1.15,287,Hypercholesterolemia
49,Male,12.7,7.9,222,97,2.46,2.01,163,Chronic Kidney Disease
76,Female,13.1,3.4,283,134,0.76,2.08,144,Diabetes
35,Female,15.2,7.8,220,91,0.8,2.64,142,Healthy
81,Male,14.6,2.9,219,62,0.61,3.11,155,Healthy
30,Female,15.5,8.9,129,82,0.99,1.89,299,Hypercholesterolemia
31,Female,9.9,10.5,270,79,0.88,1.96,164,Anemia
29,Male,9.8,6.4,301,91,5.46,2.71,162,Chronic Kidney Disease
81,Female,10.1,7.6,262,83,3.83,3.04,160,Chronic Kidney Disease
69,Female,14.9,8.7,284,91,1.02,3.0,287,Hypercholesterolemia
59,Female,14.5,5.8,339,88,1.15,0.01,166,Hyperthyroidism
55,Female,8.3,5.8,167,79,0.9,3.47,163,Anemia
31,Male,13.7,6.4,186,147,0.73,2.65,144,Diabetes
78,Female,10.4,8.0,247,74,1.87,2.26,171,Chronic Kidney Disease
39,Male,8.4,7.2,192,94,0.88,2.33,151,Anemia
29,Male,7.5,8.8,212,79,1.04,1.73,155,Anemia
41,Female,13.1,9.4,269,86,0.88,1.21,266,Hypercholesterolemia
44,Male,11.6,5.3,271,85,1.23,1.95,259,Hypercholesterolemia
68,Female,17.1,9.1,319,86,0.69,0.01,175,Hyperthyroidism
52,Female,15.5,5.1,287,87,0.75,2.86,314,Hypercholesterolemia
49,Male,9.2,6.2,264,91,0.64,2.52,141,Anemia
73,Female,12.7,6.7,293,82,0.72,2.97,257,Hypercholesterolemia
83,Female,7.4,8.6,145,77,1.21,2.71,159,Anemia
25,Male,14.8,5.4,270,77,0.88,1.99,244,Hypercholesterolemia
79,Male,13.4,17.1,330,90,0.88,1.56,174,Infection
44,Female,13.5,9.4,290,91,0.94,21.19,224,Hypothyroidism
50,Female,13.6,7.5,286,177,1.05,1.76,176,Diabetes
47,Male,11.6,7.1,269,92,7.77,1.55,147,Chronic Kidney Disease
18,Male,16.2,8.6,201,90,0.7,0.09,159,Hyperthyroidism
77,Male,14.7,11.9,236,83,0.94,2.03,172,Infection
61,Female,12.3,11.5,287,88,0.88,2.24,153,Infection
56,Male,15.1,6.2,336,90,0.8,1.33,234,Hypercholesterolemia
33,Male,15.4,5.0,334,90,0.85,3.34,166,Healthy
24,Male,7.6,6.1,256,96,1.11,1.76,136,Anemia
30,Female,8.7,7.8,298,86,2.92,2.29,169,Chronic Kidney Disease
40,Male,12.7,8.3,328,85,2.92,3.15,144,Chronic Kidney Disease
77,Female,14.2,6.0,292,84,0.89,1.99,158,Healthy
83,Male,14.3,5.8,318,80,1.0,2.53,301,Hypercholesterolemia
31,Female,13.9,6.8,227,76,0.98,1.96,240,Hypercholesterolemia
27,Male,12.9,8.0,266,65,1.02,4.01,244,Hypercholesterolemia
56,Female,13.8,7.9,221,90,0.99,0.1,169,Hyperthyroidism
80,Female,14.3,22.2,213,89,1.09,1.65,141,Infection
83,Male,14.5,4.0,337,92,0.78,0.09,137,Hyperthyroidism
55,Female,14.2,19.5,132,85,0.72,1.89,164,Infection
42,Male,12.3,7.0,286,84,1.05,3.53,312,Hypercholesterolemia
36,Female,13.1,14.1,371,80,0.84,4.41,149,Infection
36,Male,15.3,5.7,248,83,0.9,3.01,294,Hypercholesterolemia
84,Female,14.9,5.3,355,79,0.94,0.04,176,Hyperthyroidism
19,Female,7.5,7.0,203,80,1.13,2.73,179,Anemia
63,Female,10.0,7.6,190,84,0.75,4.41,143,Anemia
54,Female,15.4,6.0,304,96,0.77,0.08,142,Hyperthyroidism
49,Male,11.9,7.5,264,83,0.85,2.7,341,Hypercholesterolemia
60,Male,8.1,6.5,244,86,0.98,1.5,168,Anemia
81,Female,14.9,7.3,294,80,0.66,13.82,202,Hypothyroidism
52,Female,10.8,8.2,309,72,2.58,2.44,132,Chronic Kidney Disease
59,Female,15.5,6.6,260,74,0.81,0.06,160,Hyperthyroidism
63,Female,12.5,6.8,332,101,4.85,2.45,181,Chronic Kidney Disease
29,Male,15.6,22.3,280,77,0.7,1.96,150,Infection
66,Male,15.3,6.5,157,77,0.79,0.04,164,Hyperthyroidism
41,Female,13.4,10.4,327,78,0.96,0.98,154,Infection
59,Male,12.3,4.1,330,84,0.87,0.12,144,Hyperthyroidism
77,Male,14.8,5.9,276,142,0.75,1.77,142,Diabetes
81,Female,12.9,19.4,286,84,0.75,2.38,148,Infection
81,Female,13.9,8.3,305,91,0.97,25.56,194,Hypothyroidism
83,Female,13.0,7.2,312,127,1.07,2.08,146,Diabetes
84,Female,15.0,7.2,302,82,1.1,0.14,126,Hyperthyroidism
77,Female,14.1,6.3,292,88,0.83,0.06,171,Hyperthyroidism
33,Male,14.1,4.2,305,104,0.69,2.07,311,Hypercholesterolemia
37,Female,14.9,8.9,252,214,0.91,2.28,152,Diabetes
19,Female,9.3,8.4,171,81,0.74,2.73,167,Anemia
42,Female,14.9,6.3,318,80,0.77,7.06,218,Hypothyroidism
75,Male,14.3,7.3,336,151,0.87,3.06,168,Diabetes
60,Male,10.5,5.1,233,102,3.86,3.29,160,Chronic Kidney Disease
50,Male,12.5,5.5,280,80,2.66,2.91,173,Chronic Kidney Disease
46,Female,15.5,8.4,257,134,0.97,3.05,153,Diabetes
31,Female,16.0,6.3,265,80,0.88,0.11,154,Hyperthyroidism
50,Male,12.4,7.9,242,85,0.65,0.04,153,Hyperthyroidism
47,Female,12.6,3.6,256,150,0.9,2.68,161,Diabetes
53,Female,11.1,8.7,294,85,3.66,2.25,175,Chronic Kidney Disease
75,Female,14.3,8.6,312,100,1.02,1.52,283,Hypercholesterolemia
34,Male,14.9,6.6,293,86,0.86,3.06,287,Hypercholesterolemia
73,Female,12.6,6.9,294,81,0.91,22.99,206,Hypothyroidism
39,Female,14.1,5.0,299,76,0.9,0.07,175,Hyperthyroidism
42,Female,11.9,3.9,241,80,5.85,0.81,142,Chronic Kidney Disease
22,Female,18.3,6.6,277,226,0.92,1.17,160,Diabetes
27,Female,8.7,10.4,240,81,0.81,2.72,167,Anemia
73,Female,10.7,6.6,209,101,2.63,2.67,122,Chronic Kidney Disease
44,Female,15.9,6.7,266,64,0.88,2.17,169,Healthy
48,Female,12.7,7.1,274,90,0.74,0.11,139,Hyperthyroidism
21,Female,17.6,7.3,306,75,0.92,3.34,143,Healthy
45,Female,15.0,5.0,390,81,0.7,0.11,172,Hyperthyroidism
49,Male,13.4,5.2,295,80,1.02,2.52,134,Healthy
30,Male,15.7,6.0,217,85,1.03,2.04,177,Healthy
47,Female,17.4,7.1,342,74,0.9,2.49,152,Healthy
53,Male,13.5,10.0,271,90,1.2,0.11,131,Hyperthyroidism
33,Male,15.5,7.2,312,84,1.03,15.57,221,Hypothyroidism
40,Female,13.5,9.4,251,126,0.78,1.07,161,Diabetes
68,Female,10.3,7.9,329,89,1.13,2.1,147,Anemia
62,Female,14.6,7.8,225,236,0.67,3.39,149,Diabetes
72,Male,13.3,5.5,238,91,1.07,0.09,163,Hyperthyroidism
52,Male,14.6,6.7,234,196,1.05,3.39,154,Diabetes
37,Male,14.9,5.9,258,78,0.68,0.03,167,Hyperthyroidism
24,Male,14.5,22.0,321,72,0.64,3.82,172,Infection
31,Female,13.0,10.7,204,93,0.92,1.83,182,Infection
45,Male,14.9,6.3,318,110,0.68,1.83,136,Diabetes
24,Male,12.6,6.4,219,110,0.93,3.12,165,Diabetes
55,Female,12.1,7.9,335,86,5.17,1.93,171,Chronic Kidney Disease
40,Male,13.6,8.2,230,77,0.78,0.11,162,Hyperthyroidism
80,Male,8.6,5.0,175,86,1.0,0.81,168,Anemia
19,Female,14.9,6.5,151,171,0.96,2.46,161,Diabetes
47,Male,14.7,5.9,301,169,0.92,3.79,136,Diabetes
18,Male,15.7,5.8,297,81,0.85,2.51,172,Healthy
79,Female,11.2,7.5,216,86,0.99,23.21,214,Hypothyroidism
60,Female,13.2,7.3,328,75,0.94,0.11,181,Hyperthyroidism
71,Male,9.6,4.0,288,75,1.1,2.08,157,Anemia
25,Female,15.9,6.8,303,81,0.97,2.03,253,Hypercholesterolemia
56,Male,11.0,7.7,309,77,6.26,1.71,160,Chronic Kidney Disease
44,Male,13.8,5.9,273,72,0.92,3.75,189,Healthy
45,Male,16.1,6.1,275,86,0.83,1.12,303,Hypercholesterolemia
72,Male,15.2,18.9,161,79,0.83,2.85,141,Infection
38,Female,14.8,7.0,333,69,0.79,3.62,268,Hypercholesterolemia
22,Male,14.3,8.0,272,80,1.01,3.34,152,Healthy
71,Female,15.1,6.3,297,96,0.88,1.6,137,Healthy
46,Male,13.5,20.2,212,75,1.2,2.12,177,Infection
30,Female,14.8,8.3,376,82,1.11,2.89,296,Hypercholesterolemia
52,Female,12.2,19.1,336,93,0.81,3.04,138,Infection
41,Male,14.0,3.0,322,205,1.03,2.2,157,Diabetes
49,Female,15.6,6.3,235,96,0.81,1.89,172,Healthy
63,Female,15.7,5.3,263,268,0.81,1.82,162,Diabetes
36,Female,15.9,9.0,242,75,0.73,2.8,281,Hypercholesterolemia
18,Male,14.8,8.8,227,85,0.93,1.79,157,Healthy
84,Male,10.5,7.0,347,78,4.86,2.64,161,Chronic Kidney Disease
26,Female,15.2,8.3,288,85,1.03,3.71,288,Hypercholesterolemia
78,Female,12.7,6.1,225,79,3.12,0.86,181,Chronic Kidney Disease
37,Female,15.3,8.3,192,81,0.8,2.89,174,Healthy
76,Male,15.1,4.4,304,87,0.7,3.75,250,Hypercholesterolemia
75,Female,14.8,8.5,246,66,1.04,3.23,152,Healthy
56,Female,10.4,15.2,293,90,1.06,1.17,171,Infection
20,Female,12.7,8.2,165,69,2.05,2.93,170,Chronic Kidney Disease
30,Male,8.8,6.5,289,72,1.1,1.89,179,Anemia
55,Male,13.1,7.6,236,76,0.93,3.11,299,Hypercholesterolemia
49,Female,7.9,7.6,218,94,1.19,2.18,142,Anemia
46,Male,6.6,7.2,177,74,1.02,2.36,164,Anemia
30,Female,14.2,6.8,249,84,1.08,21.83,171,Hypothyroidism
66,Male,13.3,18.1,213,81,0.89,3.74,174,Infection
82,Male,14.7,6.2,249,245,1.02,2.36,140,Diabetes
38,Female,13.8,7.5,218,95,1.01,3.53,257,Hypercholesterolemia
56,Male,8.3,8.1,242,82,0.97,1.28,155,Anemia
36,Male,14.1,6.7,270,95,1.18,15.81,187,Hypothyroidism
78,Male,15.5,6.9,257,87,1.01,2.3,242,Hypercholesterolemia
29,Female,7.4,8.6,255,75,0.74,1.71,142,Anemia
79,Female,15.0,5.9,274,80,0.98,0.12,193,Hyperthyroidism
61,Male,15.5,6.9,276,93,0.86,0.81,276,Hypercholesterolemia
48,Female,16.4,8.0,281,84,0.7,0.07,178,Hyperthyroidism
79,Female,14.2,5.5,348,90,1.02,0.07,168,Hyperthyroidism
27,Male,11.5,7.1,272,79,0.68,14.64,200,Hypothyroidism
64,Female,14.0,10.5,222,74,0.88,2.22,172,Infection
21,Female,14.4,4.7,313,86,0.86,14.74,185,Hypothyroidism
72,Male,13.9,5.9,336,133,1.17,2.37,192,Diabetes
52,Male,16.3,7.0,252,81,1.0,3.02,153,Healthy
49,Male,12.5,14.6,256,79,0.74,3.63,160,Infection
75,Male,14.8,20.7,278,90,0.89,3.31,141,Infection
47,Male,13.8,6.5,318,83,0.78,2.84,262,Hypercholesterolemia
53,Male,8.0,8.0,248,82,0.89,3.44,161,Anemia
81,Male,13.2,6.6,267,106,1.0,2.73,141,Healthy
50,Female,12.5,5.9,254,85,0.97,-0.13,175,Healthy
61,Female,9.2,10.1,277,80,2.13,3.03,142,Chronic Kidney Disease
43,Female,12.6,6.4,373,85,0.93,0.08,159,Hyperthyroidism
22,Female,7.2,6.3,184,82,0.87,2.41,143,Anemia
38,Female,15.4,6.3,208,216,0.76,1.94,145,Diabetes
37,Male,14.8,16.5,254,86,0.75,2.52,162,Infection
63,Female,14.3,5.2,321,86,0.79,0.08,165,Hyperthyroidism
30,Female,13.4,6.5,264,91,1.17,0.04,152,Hyperthyroidism
64,Female,14.6,7.0,247,80,1.12,0.12,138,Hyperthyroidism
83,Male,10.1,3.8,286,79,6.0,3.65,154,Chronic Kidney Disease
47,Male,14.0,5.3,316,85,1.04,18.77,235,Hypothyroidism
51,Female,10.9,19.5,275,91,0.93,1.49,172,Infection
33,Male,8.7,8.0,295,87,0.64,2.05,152,Anemia
45,Female,8.9,5.9,242,89,0.95,2.0,147,Anemia
51,Female,13.9,6.5,366,200,1.16,2.44,164,Diabetes
38,Female,11.8,5.4,206,94,1.6,0.99,135,Chronic Kidney Disease
43,Female,13.9,9.0,223,78,0.94,0.08,157,Hyperthyroidism
19,Female,15.9,5.2,288,188,0.64,2.09,155,Diabetes
68,Male,15.0,8.5,174,89,1.03,2.05,226,Hypercholesterolemia
69,Male,12.8,3.4,287,84,0.85,0.01,173,Hyperthyroidism
33,Female,9.6,6.2,232,70,1.12,0.93,143,Anemia
27,Male,16.2,7.7,321,96,0.76,19.58,199,Hypothyroidism
80,Male,11.3,8.4,313,87,4.35,1.45,180,Chronic Kidney Disease
84,Female,15.6,6.3,277,87,1.01,3.04,146,Healthy
65,Female,12.3,6.4,275,205,1.08,2.64,141,Diabetes
20,Female,14.3,4.5,330,82,0.91,0.11,155,Hyperthyroidism
44,Male,10.2,6.2,165,81,5.76,3.04,174,Chronic Kidney Disease
68,Male,13.2,6.5,285,89,1.17,1.75,161,Healthy
25,Female,13.0,20.6,217,84,1.02,2.37,143,Infection
41,Male,15.1,9.3,302,81,1.22,3.1,141,Healthy
83,Male,8.2,7.8,283,76,1.17,2.08,171,Anemia
60,Male,15.2,8.8,308,78,0.66,18.24,220,Hypothyroidism
73,Female,15.7,5.8,228,77,0.86,23.0,223,Hypothyroidism
48,Male,14.6,7.0,212,177,0.92,2.0,167,Diabetes
65,Female,15.5,9.0,349,152,0.98,2.07,165,Diabetes
23,Male,16.5,4.9,188,75,0.72,3.98,264,Hypercholesterolemia
83,Female,13.7,3.4,338,74,0.84,17.89,260,Hypothyroidism
61,Female,14.2,6.9,267,87,0.62,2.33,162,Healthy
60,Male,13.4,9.9,265,91,0.92,0.11,169,Hyperthyroidism
63,Female,13.9,14.8,324,105,0.85,1.55,149,Infection
57,Female,14.5,4.6,329,76,0.83,19.77,209,Hypothyroidism
41,Male,6.1,5.1,290,77,0.85,2.78,179,Anemia
24,Male,12.8,8.6,190,87,0.89,1.19,298,Hypercholesterolemia
65,Male,15.6,7.9,261,87,0.93,2.5,176,Healthy
83,Male,15.2,5.2,329,85,0.92,0.12,154,Hyperthyroidism
19,Male,11.1,4.9,280,73,4.45,2.03,176,Chronic Kidney Disease
71,Male,14.6,7.1,227,84,0.92,10.97,216,Hypothyroidism
58,Female,12.6,8.3,236,137,0.63,1.46,151,Diabetes
80,Male,14.7,6.5,229,168,0.77,2.45,143,Diabetes
29,Female,11.3,17.7,207,92,0.82,0.29,143,Infection
44,Male,14.1,6.2,305,88,0.96,0.56,265,Hypercholesterolemia
78,Female,12.0,14.8,252,110,1.05,2.42,157,Infection
34,Male,14.8,18.9,239,66,0.82,2.38,160,Infection
36,Female,12.6,15.6,299,86,1.01,1.85,161,Infection
60,Male,7.2,8.0,57,76,1.07,2.16,166,Anemia
40,Male,6.5,8.0,199,70,1.11,1.25,163,Anemia
58,Male,14.8,7.9,288,76,0.85,1.13,162,Healthy
66,Male,15.5,5.7,210,86,0.76,17.33,254,Hypothyroidism
22,Male,11.7,5.0,246,82,0.77,0.11,178,Hyperthyroidism
20,Female,15.4,9.6,296,74,1.09,3.71,279,Hypercholesterolemia
33,Female,13.1,6.3,232,78,0.74,0.09,178,Hyperthyroidism
79,Male,12.7,7.9,224,85,1.06,2.79,263,Hypercholesterolemia
73,Female,14.2,10.8,340,81,0.73,0.12,162,Hyperthyroidism
70,Male,15.4,5.4,294,80,0.82,21.31,232,Hypothyroidism
25,Male,13.0,12.9,285,79,0.88,2.33,153,Infection
27,Male,9.3,6.4,221,79,0.87,2.59,124,Anemia
22,Female,16.0,9.5,329,84,1.06,0.13,159,Hyperthyroidism
32,Male,15.8,4.9,291,290,1.11,1.14,133,Diabetes
43,Male,16.2,5.3,226,98,0.88,18.39,216,Hypothyroidism
57,Male,13.7,16.7,261,86,0.71,3.46,164,Infection
23,Female,11.0,8.9,243,90,4.37,0.5,150,Chronic Kidney Disease
52,Male,11.0,6.9,239,75,6.42,3.01,172,Chronic Kidney Disease
30,Male,14.4,8.5,236,93,1.02,19.2,249,Hypothyroidism
64,Male,16.3,4.7,235,90,0.57,19.42,206,Hypothyroidism
67,Female,14.7,4.4,292,205,1.06,0.97,164,Diabetes
26,Male,13.4,5.7,241,71,0.98,1.6,164,Healthy
65,Male,14.0,8.0,292,177,0.88,1.51,134,Diabetes
59,Female,10.8,7.5,222,84,3.31,2.42,167,Chronic Kidney Disease
58,Female,14.5,7.6,224,91,1.05,0.11,157,Hyperthyroidism
55,Female,14.5,4.9,279,74,1.01,1.89,226,Hypercholesterolemia
21,Male,14.3,5.5,224,67,0.83,2.3,290,Hypercholesterolemia
21,Male,8.2,7.7,172,70,1.01,2.01,136,Anemia
75,Female,12.6,17.8,293,76,0.74,3.03,164,Infection
23,Female,12.2,14.1,402,89,0.83,1.89,165,Infection
83,Female,11.2,6.5,335,95,0.88,2.22,161,Anemia
46,Female,14.7,4.8,233,92,0.74,0.13,137,Hyperthyroidism
64,Female,11.5,18.3,229,77,0.94,2.15,175,Infection
29,Male,14.2,8.3,220,81,0.87,22.13,225,Hypothyroidism
64,Female,12.7,8.7,367,84,1.31,1.88,263,Hypercholesterolemia
31,Male,14.0,4.9,197,93,0.84,2.67,310,Hypercholesterolemia
81,Male,10.6,7.6,190,93,1.01,1.65,131,Anemia
79,Female,10.4,5.6,271,83,1.04,1.65,155,Anemia
25,Male,14.9,8.4,332,78,0.93,4.16,154,Healthy
22,Female,12.4,8.6,232,87,1.04,0.1,166,Hyperthyroidism
32,Female,9.8,7.2,242,69,1.15,2.02,164,Anemia
37,Male,8.9,6.8,178,93,0.95,1.2,171,Anemia
55,Male,12.4,8.8,268,277,0.77,2.13,148,Diabetes
76,Male,14.4,5.4,303,98,1.01,17.97,233,Hypothyroidism
77,Male,15.5,10.8,295,158,0.83,3.25,166,Diabetes
61,Male,7.8,3.8,209,90,0.83,1.75,155,Anemia
20,Male,17.5,7.1,285,86,1.11,1.65,262,Hypercholesterolemia
33,Male,10.4,6.9,241,94,7.16,1.03,188,Chronic Kidney Disease
83,Female,15.9,8.6,300,177,0.89,2.58,185,Diabetes
74,Male,10.8,4.5,275,84,4.69,3.23,164,Chronic Kidney Disease
78,Male,8.3,4.7,192,92,1.15,2.06,146,Anemia
65,Male,15.1,7.6,316,73,0.66,0.04,136,Hyperthyroidism
83,Female,11.7,5.3,340,81,3.43,2.32,156,Chronic Kidney Disease
48,Female,11.8,6.1,317,84,0.85,2.42,244,Hypercholesterolemia
32,Female,8.1,6.7,336,79,0.7,2.71,140,Anemia
25,Male,14.0,9.1,319,88,0.95,7.39,186,Hypothyroidism
60,Male,13.3,25.1,234,88,0.82,2.64,156,Infection
71,Female,15.6,10.2,272,60,0.68,0.01,164,Hyperthyroidism
25,Male,12.4,19.1,311,94,1.05,2.55,143,Infection
62,Male,9.2,8.9,335,82,1.0,1.33,164,Anemia
31,Female,9.5,8.1,334,97,4.92,1.22,164,Chronic Kidney Disease
84,Female,14.1,6.5,242,82,0.94,0.05,164,Hyperthyroidism
41,Female,14.6,18.0,252,100,1.15,1.4,162,Infection
33,Female,15.5,5.8,336,73,1.24,21.46,217,Hypothyroidism
34,Male,14.5,5.2,261,80,1.0,0.26,170,Healthy
79,Male,14.3,8.7,261,81,1.18,2.76,158,Healthy
48,Male,9.4,9.9,231,85,0.96,2.56,153,Anemia
24,Female,7.5,6.7,218,91,0.82,2.14,167,Anemia
53,Female,13.8,6.0,328,79,1.02,2.85,254,Hypercholesterolemia
21,Male,14.4,6.6,227,78,0.97,3.01,174,Healthy
57,Male,14.2,5.7,223,85,0.99,13.72,262,Hypothyroidism
25,Female,13.6,18.7,363,97,1.13,2.06,136,Infection
55,Male,13.0,18.3,293,94,0.74,1.63,144,Infection
68,Female,17.2,23.6,337,86,1.14,2.83,147,Infection
67,Male,14.2,8.0,237,103,0.97,2.09,163,Healthy
72,Female,7.2,5.8,142,76,0.95,1.42,156,Anemia
21,Female,11.9,7.6,266,83,0.96,0.1,155,Hyperthyroidism
80,Female,15.9,6.8,254,75,0.85,2.22,312,Hypercholesterolemia
79,Female,14.7,7.9,295,84,1.07,23.85,210,Hypothyroidism
33,Male,14.6,6.5,242,153,0.87,1.72,158,Diabetes
50,Male,7.8,7.0,100,77,0.98,1.58,167,Anemia
79,Male,15.9,7.0,316,172,0.97,3.41,154,Diabetes
28,Female,13.8,6.4,282,77,0.99,13.13,249,Hypothyroidism
56,Female,13.5,8.0,266,79,1.0,0.08,153,Hyperthyroidism
53,Male,14.2,5.8,253,209,0.93,2.32,155,Diabetes
64,Female,16.2,8.8,357,92,0.72,2.45,154,Healthy
81,Female,16.2,10.3,276,81,0.85,1.61,404,Hypercholesterolemia
50,Male,15.5,6.8,257,77,0.96,1.48,183,Healthy
40,Female,13.8,10.7,220,85,0.81,1.16,239,Hypercholesterolemia
19,Female,14.5,8.3,171,78,0.95,2.23,162,Healthy
44,Female,15.0,7.7,271,78,0.74,25.77,231,Hypothyroidism
30,Female,12.8,7.6,246,136,0.74,1.41,184,Diabetes
33,Female,13.2,7.7,364,203,0.85,1.39,150,Diabetes
59,Female,9.2,6.6,201,81,4.24,3.13,167,Chronic Kidney Disease
42,Female,12.8,18.4,237,101,0.78,2.86,176,Infection
71,Female,14.4,4.2,168,86,0.98,9.67,249,Hypothyroidism
50,Male,14.4,8.8,239,87,0.79,1.85,155,Healthy
49,Female,15.9,8.5,266,142,0.97,2.61,156,Diabetes
19,Female,13.5,6.8,261,87,0.9,18.28,188,Hypothyroidism
41,Male,10.4,8.4,301,88,2.19,1.44,148,Chronic Kidney Disease
27,Male,12.3,8.8,355,85,0.88,0.04,117,Hyperthyroidism
21,Male,10.9,5.6,303,81,4.19,2.35,184,Chronic Kidney Disease
58,Male,10.7,9.5,237,94,1.91,2.09,130,Chronic Kidney Disease
81,Female,12.2,13.6,191,90,0.75,2.02,170,Infection
46,Male,9.6,7.8,241,91,1.6,1.87,159,Chronic Kidney Disease
82,Female,13.9,7.3,302,211,0.84,1.91,159,Diabetes
57,Male,15.0,5.8,290,81,1.04,2.85,239,Hypercholesterolemia
33,Male,15.1,9.1,295,83,0.84,3.17,129,Healthy
76,Male,17.6,6.3,325,268,1.01,2.13,162,Diabetes
65,Female,15.0,19.4,227,82,1.06,0.55,162,Infection
47,Female,13.5,4.9,278,80,0.7,2.78,129,Healthy
35,Female,14.6,7.2,237,132,0.96,2.47,175,Diabetes
42,Male,8.7,5.7,201,83,0.9,2.13,159,Anemia
44,Male,15.0,6.6,267,74,1.12,2.07,230,Hypercholesterolemia
68,Male,15.9,6.2,259,72,1.02,19.26,205,Hypothyroidism
63,Male,15.7,7.8,320,236,0.82,3.48,144,Diabetes
82,Male,10.9,6.5,301,84,2.11,1.07,147,Chronic Kidney Disease
41,Male,10.9,5.6,279,90,3.41,0.98,154,Chronic Kidney Disease
84,Male,14.8,5.8,269,79,1.07,2.56,149,Healthy
24,Male,16.8,6.4,321,83,1.05,1.01,230,Hypercholesterolemia
43,Male,14.8,6.1,262,244,0.99,3.11,155,Diabetes
39,Male,12.4,7.5,284,80,0.88,1.69,176,Healthy
77,Female,12.4,6.8,325,65,3.94,2.93,137,Chronic Kidney Disease
55,Female,13.6,4.1,235,67,0.9,0.03,167,Hyperthyroidism
29,Male,10.0,7.2,167,77,0.7,1.74,154,Anemia
61,Male,14.0,7.4,380,78,0.68,2.6,232,Hypercholesterolemia
67,Male,13.7,16.4,263,94,0.95,1.4,158,Infection
24,Male,15.7,8.5,291,185,0.72,0.26,155,Diabetes
60,Male,9.2,6.8,218,106,1.0,3.12,145,Anemia
20,Male,12.2,7.6,349,92,0.85,3.74,309,Hypercholesterolemia
77,Female,14.3,8.7,252,97,0.9,2.47,263,Hypercholesterolemia
22,Male,15.7,8.8,302,152,0.89,2.25,181,Diabetes
51,Female,15.1,7.4,337,85,0.67,0.01,183,Hyperthyroidism
63,Male,10.3,9.5,257,71,1.28,2.21,154,Anemia
67,Male,13.9,9.7,284,192,0.97,2.5,161,Diabetes
51,Male,10.8,19.3,310,94,1.07,0.56,160,Infection
75,Female,14.9,7.1,261,96,0.88,1.34,298,Hypercholesterolemia
57,Female,13.2,5.4,290,83,1.06,19.5,209,Hypothyroidism
49,Female,8.1,6.6,119,76,1.04,2.9,176,Anemia
76,Male,15.1,16.8,213,83,1.06,3.16,167,Infection
25,Female,14.3,10.3,341,72,1.16,1.16,279,Hypercholesterolemia
41,Female,14.2,3.7,294,92,0.91,0.11,148,Hyperthyroidism
26,Female,15.4,3.5,331,94,0.89,9.24,198,Hypothyroidism
41,Male,15.8,7.2,303,87,0.73,0.08,164,Hyperthyroidism
33,Male,13.8,8.2,271,77,1.18,12.28,237,Hypothyroidism
34,Male,14.0,23.2,272,95,1.09,2.83,166,Infection
80,Male,13.2,15.3,160,80,1.18,2.34,127,Infection
80,Female,14.3,9.2,321,94,0.77,1.53,278,Hypercholesterolemia
34,Male,15.3,5.8,226,77,1.05,8.3,191,Hypothyroidism
65,Male,12.8,13.9,255,72,0.65,1.7,162,Infection
56,Male,15.0,8.5,283,83,1.06,19.51,204,Hypothyroidism
39,Female,14.0,8.9,347,74,1.1,0.08,159,Hyperthyroidism
53,Female,16.9,8.5,241,79,1.08,16.17,225,Hypothyroidism
37,Male,4.6,6.7,224,93,1.01,3.39,187,Anemia
76,Male,13.8,20.1,296,84,0.77,2.19,142,Infection
61,Female,13.4,8.0,262,89,1.0,23.17,196,Hypothyroidism
74,Male,13.3,5.5,295,78,0.76,2.72,332,Hypercholesterolemia
74,Male,11.9,6.7,281,76,0.96,1.43,154,Healthy
76,Male,11.0,7.4,155,79,3.05,2.49,144,Chronic Kidney Disease
23,Male,14.7,10.2,222,92,0.69,0.05,168,Hyperthyroidism
55,Male,14.7,8.0,324,77,0.92,11.89,225,Hypothyroidism
41,Male,7.7,6.0,213,87,1.01,2.06,177,Anemia
28,Male,6.6,7.7,206,87,0.98,2.05,140,Anemia
55,Female,14.3,8.7,231,110,0.89,2.38,169,Diabetes
67,Female,12.5,16.5,284,87,0.94,2.78,142,Infection
69,Female,13.4,5.4,285,153,0.94,3.29,161,Diabetes
61,Female,15.3,5.1,339,84,0.85,2.08,210,Hypercholesterolemia
19,Male,8.7,6.1,281,85,0.89,2.72,182,Anemia
69,Female,12.6,15.3,269,92,0.91,1.99,159,Infection
69,Female,13.7,6.4,354,94,0.66,2.5,162,Healthy
51,Female,15.1,8.4,299,84,1.26,1.17,187,Healthy
42,Male,13.6,8.0,215,81,0.99,0.08,171,Hyperthyroidism
80,Female,13.9,7.9,345,86,0.92,0.08,155,Hyperthyroidism
45,Female,14.3,20.3,337,97,0.85,2.05,145,Infection
45,Male,14.8,5.2,200,86,0.88,0.04,149,Hyperthyroidism
32,Female,13.3,7.8,245,83,0.61,3.27,149,Healthy
49,Male,13.9,7.8,384,194,0.85,2.84,183,Diabetes
57,Male,15.2,6.6,312,90,1.06,0.11,166,Hyperthyroidism
68,Male,12.9,8.6,191,79,1.0,3.46,166,Healthy
28,Male,14.9,5.6,270,203,0.73,2.51,195,Diabetes
41,Male,15.7,6.7,188,82,0.85,0.09,178,Hyperthyroidism
24,Female,8.9,7.1,318,73,2.78,1.77,147,Chronic Kidney Disease
30,Male,9.3,7.6,196,67,1.06,3.32,170,Anemia
46,Female,9.7,4.6,303,83,3.34,2.49,164,Chronic Kidney Disease
31,Female,15.5,9.2,316,81,1.07,1.79,156,Healthy
75,Male,12.9,8.9,313,84,2.38,2.59,151,Chronic Kidney Disease
21,Female,14.0,9.7,276,187,0.72,1.65,177,Diabetes
40,Female,15.4,9.8,273,240,0.86,2.22,177,Diabetes
23,Female,7.2,8.2,156,80,0.82,3.13,177,Anemia
71,Male,12.5,6.9,311,80,1.16,11.2,161,Hypothyroidism
63,Female,13.6,6.6,258,78,0.87,0.08,164,Hyperthyroidism
58,Male,16.1,7.0,198,88,1.1,1.62,154,Healthy
29,Male,14.1,18.8,351,74,0.73,2.2,175,Infection
31,Male,12.9,17.6,298,76,1.0,2.77,183,Infection
58,Male,14.6,20.8,260,77,0.79,3.11,179,Infection
65,Male,14.0,7.6,285,192,1.05,1.47,185,Diabetes
32,Female,14.8,6.2,312,74,0.47,0.01,171,Hyperthyroidism
44,Female,16.5,6.1,295,85,0.8,0.07,173,Hyperthyroidism
23,Male,13.4,5.2,211,135,0.78,2.7,144,Diabetes
24,Female,14.1,6.1,215,76,0.9,1.88,135,Healthy
55,Male,11.7,5.0,274,82,5.12,3.61,158,Chronic Kidney Disease
81,Male,9.2,8.7,257,94,6.68,0.98,139,Chronic Kidney Disease
83,Male,9.1,6.2,310,87,0.81,2.36,153,Anemia
76,Female,13.7,6.9,363,86,1.12,21.7,196,Hypothyroidism
33,Female,14.7,15.3,280,94,0.85,2.59,140,Infection
55,Female,16.1,9.0,287,74,1.03,1.69,305,Hypercholesterolemia
55,Male,14.1,7.3,220,103,0.97,0.17,179,Hyperthyroidism
76,Female,12.4,8.7,320,83,1.19,22.18,195,Hypothyroidism
75,Female,16.3,6.2,255,94,0.79,0.09,150,Hyperthyroidism
25,Female,12.8,21.2,273,85,0.96,0.66,138,Infection
40,Male,13.7,4.0,207,74,0.97,0.1,147,Hyperthyroidism
26,Female,16.4,26.0,323,86,0.97,2.12,158,Infection
69,Male,10.7,7.2,244,75,4.19,2.91,130,Chronic Kidney Disease
66,Female,12.1,6.9,382,86,1.01,2.32,155,Healthy
30,Male,9.0,8.3,310,83,3.94,2.53,159,Chronic Kidney Disease
67,Male,14.5,10.8,411,185,0.72,1.01,144,Diabetes
73,Male,12.8,6.7,222,90,0.81,0.01,147,Hyperthyroidism
62,Male,13.4,5.6,318,72,0.94,12.71,215,Hypothyroidism
77,Male,8.4,8.0,346,93,5.16,2.12,145,Chronic Kidney Disease
75,Female,14.6,7.2,320,128,0.77,1.49,152,Diabetes
74,Female,13.2,5.5,270,86,0.66,18.12,220,Hypothyroidism
22,Female,13.9,6.6,300,75,0.86,0.09,176,Hyperthyroidism
81,Female,10.8,7.5,268,161,0.78,1.93,156,Diabetes
67,Male,15.2,6.1,414,81,1.13,23.33,223,Hypothyroidism
56,Female,13.5,4.8,302,95,1.01,1.06,158,Healthy
57,Male,15.3,6.6,206,84,0.94,0.04,160,Hyperthyroidism
51,Male,13.4,8.0,286,88,0.94,12.2,213,Hypothyroidism
46,Female,8.7,6.9,277,82,2.19,1.87,169,Chronic Kidney Disease
18,Male,15.1,5.3,259,85,0.87,2.62,157,Healthy
30,Female,12.0,16.7,352,92,0.96,2.22,174,Infection
66,Male,14.6,8.1,246,286,0.93,1.77,142,Diabetes
72,Female,10.4,7.3,250,120,4.51,0.94,149,Chronic Kidney Disease
58,Male,12.4,9.2,270,99,1.62,2.58,167,Chronic Kidney Disease
40,Female,13.2,9.3,239,83,0.93,3.72,235,Hypercholesterolemia
45,Female,15.3,7.2,336,87,0.53,1.88,273,Hypercholesterolemia
37,Male,12.0,7.4,249,96,3.6,2.53,190,Chronic Kidney Disease
45,Female,12.9,7.8,359,97,0.87,1.88,180,Healthy
29,Female,14.3,6.3,337,75,1.02,14.61,184,Hypothyroidism
42,Female,8.1,4.5,272,85,0.9,1.98,175,Anemia
28,Male,13.6,17.7,282,90,0.74,2.38,167,Infection
47,Male,17.4,6.4,283,87,0.96,2.01,147,Healthy
56,Male,8.7,7.4,183,81,5.26,1.7,157,Chronic Kidney Disease
49,Female,12.4,6.6,218,311,0.7,1.9,165,Diabetes
61,Male,12.3,24.9,257,86,1.06,3.33,147,Infection
31,Male,14.0,7.5,312,78,0.95,0.13,155,Hyperthyroidism
79,Female,16.4,6.5,292,73,0.68,1.81,182,Healthy
62,Female,8.7,6.4,146,97,0.93,3.69,151,Anemia
82,Female,11.3,8.4,225,86,2.41,1.56,176,Chronic Kidney Disease
67,Female,15.7,6.6,344,110,0.89,1.79,151,Diabetes
64,Male,9.2,5.6,237,83,0.98,3.49,168,Anemia
42,Male,7.7,6.0,333,85,0.68,3.05,161,Anemia
78,Male,12.8,9.6,311,83,3.86,0.82,140,Chronic Kidney Disease
80,Female,15.1,3.4,284,90,0.62,2.35,277,Hypercholesterolemia
45,Male,12.8,4.8,350,80,1.01,0.08,175,Hyperthyroidism
65,Female,13.7,7.3,207,185,0.75,2.11,165,Diabetes
64,Male,12.9,11.5,249,211,1.01,3.08,147,Diabetes
44,Female,15.2,9.7,241,86,0.87,2.49,145,Healthy
54,Female,10.6,5.7,112,101,1.01,1.71,169,Anemia
22,Female,15.0,7.7,334,73,0.94,24.78,223,Hypothyroidism
68,Male,8.4,6.4,220,63,0.77,2.63,171,Anemia
21,Male,12.5,8.9,309,88,0.78,21.24,217,Hypothyroidism
29,Female,14.5,8.5,327,84,1.07,10.99,239,Hypothyroidism
77,Male,16.5,8.8,271,169,1.08,1.62,151,Diabetes
52,Male,13.4,8.5,180,81,1.01,2.41,225,Hypercholesterolemia
32,Male,15.9,8.9,238,71,0.93,14.99,228,Hypothyroidism
79,Male,13.7,20.0,292,82,1.0,2.78,155,Infection
45,Male,15.4,6.1,320,89,0.79,2.44,169,Healthy
28,Female,15.2,5.4,368,81,0.87,15.93,273,Hypothyroidism
58,Male,12.0,8.9,331,99,0.84,0.07,155,Hyperthyroidism
65,Female,13.6,9.6,305,80,0.58,2.76,166,Healthy
53,Female,15.8,6.9,195,90,0.69,1.52,231,Hypercholesterolemia
28,Male,16.7,6.6,269,86,0.79,0.05,157,Hyperthyroidism
81,Male,13.4,5.0,365,94,0.75,2.53,270,Hypercholesterolemia
37,Male,13.8,7.7,257,93,0.77,2.78,241,Hypercholesterolemia
61,Female,15.2,5.7,162,184,0.97,2.03,153,Diabetes
42,Male,10.8,4.9,262,90,2.01,2.32,168,Chronic Kidney Disease
23,Female,13.7,4.8,267,93,0.84,10.14,246,Hypothyroidism
42,Male,16.5,6.8,320,83,0.97,1.32,162,Healthy
30,Female,8.9,7.5,204,85,5.01,2.72,160,Chronic Kidney Disease
61,Female,13.9,9.4,323,175,0.98,3.68,155,Diabetes
78,Female,14.6,6.6,218,96,1.12,0.11,173,Hyperthyroidism
33,Male,9.7,6.6,206,84,0.74,2.07,153,Anemia
63,Male,10.2,7.5,264,85,4.31,3.11,164,Chronic Kidney Disease
52,Female,15.5,7.7,236,81,0.72,2.36,346,Hypercholesterolemia
20,Female,14.0,10.0,233,79,0.76,0.08,155,Hyperthyroidism
70,Male,14.1,7.6,331,163,0.95,2.81,163,Diabetes
68,Female,11.8,7.9,192,81,1.6,1.94,151,Chronic Kidney Disease
51,Male,11.9,19.5,228,88,0.67,1.53,132,Infection
65,Female,13.1,5.8,286,90,0.81,1.24,260,Hypercholesterolemia
63,Female,14.7,5.9,278,91,0.96,3.61,166,Healthy
39,Male,9.3,8.0,258,86,1.0,2.29,150,Anemia
30,Female,14.3,9.3,295,87,0.72,0.71,163,Infection
42,Male,14.8,6.6,295,92,0.77,2.1,166,Healthy
62,Female,13.1,6.3,350,78,0.83,21.78,266,Hypothyroidism
83,Female,14.5,3.8,220,73,1.07,1.3,149,Healthy
50,Male,10.3,6.0,371,86,5.41,1.58,162,Chronic Kidney Disease
65,Female,10.0,3.7,237,93,1.88,2.39,161,Chronic Kidney Disease
70,Male,14.6,7.8,247,89,0.89,2.18,160,Healthy
80,Female,15.1,6.8,338,71,0.99,0.08,144,Hyperthyroidism
26,Female,11.5,13.3,260,88,0.86,2.69,168,Infection
54,Female,8.7,7.2,165,78,2.63,1.78,167,Chronic Kidney Disease
47,Male,12.2,7.3,202,96,5.32,1.92,162,Chronic Kidney Disease
47,Female,14.7,6.6,212,180,1.06,3.1,145,Diabetes
76,Male,13.7,7.6,275,84,0.66,2.83,150,Healthy
62,Male,6.4,8.1,178,90,0.78,2.14,167,Anemia
79,Male,14.8,9.0,278,76,0.82,0.08,162,Hyperthyroidism
54,Female,13.9,8.3,249,195,1.01,1.59,161,Diabetes
76,Male,14.2,9.1,219,206,1.15,1.8,178,Diabetes
20,Male,14.3,8.2,296,78,0.73,0.05,181,Hyperthyroidism
32,Male,12.3,17.4,238,84,1.12,2.26,143,Infection
23,Female,12.9,23.4,303,76,0.88,0.71,176,Infection
50,Male,10.9,7.5,355,79,3.48,1.98,161,Chronic Kidney Disease
49,Female,14.7,7.0,276,91,0.93,3.09,161,Healthy
24,Male,13.9,6.0,302,248,0.66,2.25,145,Diabetes
62,Male,14.5,7.1,301,71,1.07,16.82,223,Hypothyroidism
50,Female,10.9,5.3,164,72,4.86,2.18,162,Chronic Kidney Disease
57,Female,10.5,5.5,114,90,3.59,1.08,158,Chronic Kidney Disease
39,Female,16.2,8.1,406,81,1.19,19.97,172,Hypothyroidism
61,Male,14.4,15.2,284,78,0.91,1.45,161,Infection
18,Male,14.3,7.6,270,80,0.67,1.04,164,Healthy
77,Female,10.5,4.7,360,76,3.45,2.03,153,Chronic Kidney Disease
55,Female,12.4,19.2,117,86,0.85,2.95,154,Infection
76,Male,13.5,15.2,326,87,1.02,1.93,148,Infection
78,Female,14.6,6.2,253,80,0.83,18.72,211,Hypothyroidism
26,Female,8.8,9.2,271,86,0.94,3.04,153,Anemia
35,Female,7.7,4.9,181,77,0.64,2.88,163,Anemia
28,Female,14.0,5.6,347,93,0.78,1.09,169,Healthy
23,Male,15.1,8.2,329,199,1.06,2.35,152,Diabetes
65,Male,16.0,6.0,304,74,0.83,16.82,218,Hypothyroidism
72,Male,12.6,27.5,212,78,0.92,1.0,169,Infection
20,Male,14.3,5.5,251,141,0.6,3.53,170,Diabetes
25,Female,15.2,8.9,257,93,1.05,0.07,156,Hyperthyroidism
38,Female,12.4,7.7,333,94,0.93,0.16,167,Hyperthyroidism
82,Female,13.3,8.1,236,100,0.85,0.11,146,Hyperthyroidism
40,Male,14.2,6.6,302,88,0.78,18.9,246,Hypothyroidism
53,Female,7.7,5.6,200,84,0.78,1.74,167,Anemia
19,Male,15.3,6.8,274,83,0.71,2.83,276,Hypercholesterolemia
20,Female,14.0,6.3,411,75,0.81,3.0,157,Healthy
36,Female,15.1,5.7,327,212,0.97,3.5,154,Diabetes
77,Male,14.8,10.8,324,76,0.99,0.1,184,Hyperthyroidism
59,Female,9.0,7.6,364,70,1.15,2.35,145,Anemia
68,Male,15.3,9.0,205,181,1.24,3.02,131,Diabetes
51,Male,10.5,5.3,269,78,3.53,3.09,146,Chronic Kidney Disease
33,Male,15.4,5.4,205,78,1.02,2.75,318,Hypercholesterolemia
79,Female,14.8,7.3,288,82,1.04,2.24,170,Healthy
84,Female,13.0,8.0,233,81,0.98,3.02,266,Hypercholesterolemia
36,Female,15.3,8.0,327,87,0.98,1.82,178,Healthy
78,Female,13.8,10.4,336,74,1.0,2.54,182,Infection
80,Female,11.8,12.9,354,71,0.85,2.26,163,Infection
63,Male,14.8,7.2,305,92,1.05,2.6,352,Hypercholesterolemia
51,Male,17.3,5.1,344,81,0.9,2.33,280,Hypercholesterolemia
71,Male,6.5,6.5,249,77,1.04,1.25,149,Anemia
26,Female,13.9,4.8,231,83,0.79,1.82,265,Hypercholesterolemia
66,Female,14.7,24.8,281,74,0.97,2.48,192,Infection
81,Male,14.4,14.8,230,86,0.81,2.18,152,Infection
36,Male,16.1,8.4,282,88,0.75,2.87,271,Hypercholesterolemia
55,Male,13.3,7.7,269,88,1.07,19.15,244,Hypothyroidism
66,Male,14.2,6.1,268,96,0.79,2.62,165,Healthy
63,Female,10.4,4.9,233,84,0.91,1.27,167,Anemia
21,Male,13.8,7.9,285,77,0.77,17.18,248,Hypothyroidism
44,Male,13.6,5.9,230,210,0.98,2.74,149,Diabetes
80,Female,13.5,10.5,237,86,0.85,0.91,173,Healthy
41,Male,15.4,4.1,197,75,0.78,2.67,150,Healthy
52,Male,9.6,10.0,145,92,0.47,1.47,163,Anemia
39,Female,15.2,6.3,330,88,0.97,1.65,154,Healthy
34,Male,14.3,7.9,273,89,0.78,0.08,146,Hyperthyroidism
71,Male,8.8,7.1,283,96,0.83,2.26,156,Anemia
20,Female,10.8,7.5,284,77,1.02,2.68,239,Hypercholesterolemia
65,Male,16.0,7.4,291,177,1.13,2.37,175,Diabetes
64,Male,12.3,18.7,307,93,0.8,2.8,161,Infection
80,Female,12.6,6.8,313,72,1.05,18.39,255,Hypothyroidism
44,Male,14.0,5.0,268,79,0.82,0.03,174,Hyperthyroidism
32,Female,14.0,5.8,317,117,0.86,2.17,147,Diabetes
63,Female,13.3,7.8,202,90,0.83,0.01,154,Hyperthyroidism
67,Female,10.6,22.3,229,86,0.9,3.28,136,Infection
77,Female,14.8,9.0,255,90,0.89,3.51,174,Healthy
30,Male,12.5,21.0,311,92,1.24,3.06,137,Infection
70,Female,13.5,14.7,300,94,0.63,1.41,162,Infection
29,Male,14.4,8.5,360,72,1.01,0.06,162,Hyperthyroidism
55,Female,9.6,7.3,177,73,0.93,2.03,165,Anemia
41,Female,15.6,7.1,188,71,0.87,0.02,162,Hyperthyroidism
21,Male,7.3,8.3,181,84,0.94,2.45,171,Anemia
61,Male,15.0,7.2,201,94,0.83,2.11,275,Hypercholesterolemia
27,Female,11.7,5.3,223,83,0.88,0.11,152,Hyperthyroidism
81,Female,12.9,5.4,294,94,0.78,1.84,347,Hypercholesterolemia
64,Male,14.6,5.3,248,110,0.8,0.3,167,Diabetes
43,Male,10.1,8.8,279,82,4.29,2.08,143,Chronic Kidney Disease
23,Female,9.6,9.0,252,73,4.27,3.32,168,Chronic Kidney Disease
48,Male,8.5,4.7,173,79,0.93,1.51,162,Anemia
46,Female,13.6,8.4,350,92,0.74,15.94,225,Hypothyroidism
82,Male,14.0,8.1,290,84,0.89,23.83,207,Hypothyroidism
48,Male,12.1,7.0,337,86,3.58,2.95,142,Chronic Kidney Disease
40,Female,13.4,7.2,297,92,1.03,1.16,210,Hypercholesterolemia
28,Female,9.3,4.3,259,90,0.73,2.83,159,Anemia
65,Female,14.0,6.3,302,82,0.88,1.48,134,Healthy
40,Male,15.1,18.8,272,86,0.82,1.83,163,Infection
59,Male,17.3,6.6,295,84,1.08,2.5,210,Hypercholesterolemia
19,Male,15.9,6.8,266,90,0.9,2.15,147,Healthy
36,Male,15.0,8.4,292,184,0.66,2.52,156,Diabetes
77,Male,16.1,3.3,237,109,0.85,0.84,149,Healthy
47,Female,10.7,6.3,259,81,0.91,2.22,147,Anemia
82,Female,12.4,5.6,259,96,0.76,12.49,238,Hypothyroidism
59,Female,14.4,6.3,288,93,1.27,2.76,165,Healthy
33,Male,14.3,7.8,274,82,0.98,14.56,224,Hypothyroidism
76,Female,14.0,6.3,368,93,0.78,3.26,161,Healthy
62,Male,12.5,5.5,330,87,0.82,3.77,144,Healthy
71,Female,14.3,5.6,186,77,0.81,0.06,139,Hyperthyroidism
39,Female,13.0,4.7,268,89,1.06,1.28,301,Hypercholesterolemia
27,Female,14.2,7.2,335,269,1.05,2.11,166,Diabetes
62,Female,17.2,6.3,332,73,1.03,1.95,255,Hypercholesterolemia
61,Female,14.0,10.1,268,83,1.01,0.11,168,Hyperthyroidism
61,Male,9.4,5.0,258,89,2.6,2.95,139,Chronic Kidney Disease
30,Male,14.8,9.4,319,84,1.0,2.78,174,Healthy
83,Female,13.8,6.9,412,181,0.87,1.23,146,Diabetes
79,Female,10.6,4.3,300,88,7.54,2.52,144,Chronic Kidney Disease
49,Male,15.1,5.3,298,91,1.3,0.08,170,Hyperthyroidism
79,Male,14.8,7.5,420,86,0.85,2.14,296,Hypercholesterolemia
55,Male,14.6,7.5,365,82,0.84,3.29,263,Hypercholesterolemia
68,Male,10.3,5.6,235,95,1.6,4.14,163,Chronic Kidney Disease
69,Male,13.1,8.3,327,95,0.6,1.31,302,Hypercholesterolemia
18,Male,8.0,9.3,224,76,1.06,3.1,152,Anemia
68,Male,15.9,6.0,393,110,1.12,1.29,144,Diabetes
57,Female,14.9,4.3,280,93,0.9,19.83,220,Hypothyroidism
74,Female,7.4,6.4,193,87,0.76,1.09,142,Anemia
27,Male,12.0,6.0,292,226,1.03,2.8,157,Diabetes
72,Female,14.4,13.2,252,77,0.76,3.06,168,Infection
33,Female,10.4,7.5,321,81,1.6,2.75,175,Chronic Kidney Disease
68,Male,15.3,5.0,177,188,0.65,-0.14,178,Diabetes
78,Female,13.2,9.7,228,84,0.53,0.1,159,Hyperthyroidism
83,Male,13.7,7.8,305,84,0.99,3.46,169,Healthy
61,Female,16.3,7.0,272,83,1.01,22.22,217,Hypothyroidism
30,Male,13.9,8.2,255,90,0.82,19.85,221,Hypothyroidism
26,Female,11.6,14.4,235,79,0.97,1.23,153,Infection
47,Female,14.5,4.2,302,93,0.88,0.04,144,Hyperthyroidism
46,Male,14.4,6.3,280,92,0.86,0.06,173,Hyperthyroidism
32,Male,14.2,6.6,310,81,0.89,0.06,158,Hyperthyroidism
48,Male,12.6,6.5,240,78,0.76,1.53,241,Hypercholesterolemia
50,Male,15.2,8.8,203,71,0.96,2.7,263,Hypercholesterolemia
40,Female,15.7,9.4,234,89,0.79,2.73,144,Healthy
32,Female,13.6,7.2,245,98,0.79,1.12,155,Healthy
41,Male,12.8,4.2,240,79,3.93,2.05,153,Chronic Kidney Disease
51,Female,13.4,18.0,338,82,0.93,1.25,165,Infection
23,Male,8.2,7.2,199,81,1.02,2.21,157,Anemia
27,Female,9.6,5.6,169,93,1.06,3.94,168,Anemia
41,Male,15.3,8.0,325,78,0.96,16.72,244,Hypothyroidism
37,Female,15.2,5.3,233,91,0.79,22.53,172,Hypothyroidism
35,Female,8.5,9.0,176,87,1.09,1.59,150,Anemia
72,Female,14.9,8.0,273,80,0.78,16.74,235,Hypothyroidism
55,Male,13.1,7.5,301,78,0.61,11.26,223,Hypothyroidism
75,Female,14.4,7.5,218,98,1.0,2.47,303,Hypercholesterolemia
35,Male,15.1,9.7,312,94,0.78,2.12,234,Hypercholesterolemia
56,Female,13.8,7.4,233,84,0.98,0.12,135,Hyperthyroidism
24,Male,13.7,4.8,226,199,1.17,2.81,166,Diabetes
69,Male,7.5,7.9,298,81,4.21,3.26,191,Chronic Kidney Disease
41,Male,14.0,7.3,260,80,0.89,3.48,157,Healthy
76,Male,8.1,6.9,79,86,0.97,1.04,150,Anemia
52,Male,13.5,5.2,281,84,0.83,0.06,147,Hyperthyroidism
61,Female,8.3,6.2,209,86,0.78,2.26,160,Anemia
57,Male,15.7,8.6,229,145,0.68,2.65,177,Diabetes
43,Female,12.0,12.0,240,67,0.94,2.03,140,Infection
20,Female,10.8,7.3,203,75,1.01,1.55,163,Anemia
21,Female,8.0,6.7,266,80,1.6,1.37,163,Chronic Kidney Disease
64,Male,14.7,7.8,234,93,0.97,2.13,287,Hypercholesterolemia
82,Male,14.5,6.0,253,86,1.11,2.58,267,Hypercholesterolemia
74,Female,8.9,7.9,236,81,0.96,0.45,140,Anemia
54,Female,13.4,7.1,214,80,0.83,2.17,170,Healthy
40,Female,13.3,20.9,323,73,0.9,2.42,161,Infection
39,Female,9.5,4.8,158,92,0.98,1.71,172,Anemia
21,Male,6.9,6.5,265,80,0.97,1.53,143,Anemia
40,Male,15.7,7.0,273,96,0.95,1.87,254,Hypercholesterolemia
45,Female,5.1,5.7,275,73,1.22,1.06,171,Anemia
84,Female,13.5,25.4,288,78,0.83,2.96,155,Infection
50,Male,13.2,9.2,319,71,1.17,2.28,167,Healthy
72,Male,9.2,6.8,161,80,1.23,0.63,151,Anemia
38,Female,10.6,6.5,207,63,6.66,3.65,150,Chronic Kidney Disease
50,Female,13.2,7.8,298,80,0.85,1.88,308,Hypercholesterolemia
47,Female,13.7,15.5,278,84,0.93,2.72,117,Infection
37,Male,15.3,5.8,288,73,1.03,7.19,248,Hypothyroidism
37,Male,14.5,6.1,289,170,0.95,2.22,165,Diabetes
58,Male,14.7,5.5,251,174,1.06,1.01,158,Diabetes
77,Female,15.5,6.7,344,78,0.94,24.96,185,Hypothyroidism
59,Female,15.7,7.8,227,206,0.76,2.75,157,Diabetes
73,Female,14.1,5.0,313,83,0.76,18.5,234,Hypothyroidism
22,Male,12.0,6.1,214,77,0.96,2.11,132,Healthy
74,Female,15.6,9.1,260,95,1.0,0.09,160,Hyperthyroidism
48,Male,15.5,8.4,349,87,0.58,5.0,216,Hypothyroidism
59,Female,14.2,8.9,282,82,1.1,2.44,158,Healthy
30,Male,13.7,5.0,383,123,0.68,2.03,138,Diabetes
67,Male,13.2,5.9,223,87,1.6,2.04,144,Chronic Kidney Disease
68,Female,11.8,5.7,323,81,0.76,17.23,268,Hypothyroidism
77,Female,13.1,8.2,267,85,0.96,1.81,294,Hypercholesterolemia
26,Male,13.5,8.2,306,83,0.8,19.62,194,Hypothyroidism
25,Female,11.2,18.6,228,91,1.1,2.65,185,Infection
27,Male,14.3,5.4,276,86,0.9,2.08,302,Hypercholesterolemia
38,Female,11.4,21.5,383,88,0.93,2.28,169,Infection
63,Female,14.4,17.5,227,82,1.0,3.01,149,Infection
71,Female,12.3,5.6,240,88,0.92,2.16,149,Healthy
45,Female,16.7,6.1,214,94,1.02,0.01,154,Hyperthyroidism
66,Female,13.7,16.3,88,88,0.94,2.49,156,Infection
63,Female,14.0,5.9,339,90,1.22,3.41,266,Hypercholesterolemia
46,Female,9.8,6.6,267,89,5.41,2.52,155,Chronic Kidney Disease
27,Male,17.5,6.8,284,89,0.92,0.02,164,Hyperthyroidism
46,Male,15.4,9.2,259,90,0.89,1.48,294,Hypercholesterolemia
74,Female,15.6,6.6,328,88,0.9,0.11,144,Hyperthyroidism
70,Male,12.3,5.8,292,75,0.76,17.65,229,Hypothyroidism
50,Male,16.7,7.7,375,199,0.74,2.59,156,Diabetes
76,Male,13.3,8.9,263,83,0.91,1.84,248,Hypercholesterolemia
44,Female,9.2,8.5,231,73,0.97,2.17,180,Anemia
46,Female,13.6,4.9,213,83,0.96,0.05,143,Hyperthyroidism
28,Male,14.8,8.0,197,84,0.84,3.29,129,Healthy
71,Female,14.7,6.5,251,94,1.08,1.96,265,Hypercholesterolemia
74,Female,12.4,15.4,260,79,0.57,1.23,160,Infection
35,Female,13.8,23.9,197,83,0.84,2.07,155,Infection
51,Female,9.0,5.1,258,89,2.7,2.77,131,Chronic Kidney Disease
71,Male,13.9,9.1,238,88,0.78,0.02,181,Hyperthyroidism
18,Male,14.1,7.2,242,89,0.91,1.07,265,Hypercholesterolemia
32,Female,9.1,7.9,192,69,1.07,1.67,160,Anemia
73,Male,13.0,12.7,365,95,0.71,1.56,147,Infection
28,Female,10.3,8.8,249,79,2.7,2.96,175,Chronic Kidney Disease
84,Female,13.8,6.0,264,72,1.01,1.76,280,Hypercholesterolemia
73,Female,8.8,6.9,128,94,1.0,2.81,168,Anemia
23,Female,16.5,6.7,240,69,0.8,21.63,205,Hypothyroidism
83,Female,7.9,8.0,243,84,0.83,1.84,181,Anemia
67,Female,13.4,10.0,230,85,0.92,1.57,307,Hypercholesterolemia
45,Male,15.2,7.4,261,181,0.85,1.68,161,Diabetes
75,Male,14.6,9.4,322,93,0.77,1.28,163,Healthy
53,Male,12.9,7.6,220,87,0.96,1.66,166,Healthy
40,Male,13.7,4.9,213,77,0.95,11.81,228,Hypothyroidism
23,Female,15.1,6.8,298,77,0.9,19.41,149,Hypothyroidism
61,Female,15.7,6.1,222,76,0.75,3.16,210,Hypercholesterolemia
39,Female,12.4,9.8,257,68,1.91,2.04,164,Chronic Kidney Disease
54,Female,12.7,21.2,283,83,0.98,1.04,137,Infection
48,Female,9.2,11.0,241,83,3.91,1.53,161,Chronic Kidney Disease
61,Male,12.6,19.8,187,73,1.11,2.73,177,Infection
40,Male,15.5,9.5,327,79,0.83,23.85,188,Hypothyroidism
53,Female,12.3,6.4,340,94,6.56,2.11,153,Chronic Kidney Disease
24,Male,13.7,6.5,301,81,1.2,2.45,153,Healthy
27,Male,12.6,7.4,363,84,1.64,1.81,180,Chronic Kidney Disease
51,Female,16.6,9.7,308,79,0.66,13.03,191,Hypothyroidism
43,Male,11.6,5.6,275,201,0.87,2.49,152,Diabetes
64,Female,6.9,6.9,205,88,0.78,1.02,156,Anemia
79,Male,13.6,14.1,316,89,0.87,0.47,165,Infection
19,Female,13.2,8.0,307,103,0.74,0.02,145,Hyperthyroidism
34,Female,14.6,7.4,328,92,1.06,2.83,161,Healthy
79,Female,11.1,19.7,243,88,0.89,1.71,194,Infection
78,Male,16.0,7.7,288,88,1.06,21.47,238,Hypothyroidism
64,Female,13.4,7.5,279,76,0.78,20.64,183,Hypothyroidism
46,Female,7.7,5.9,270,89,4.5,2.23,127,Chronic Kidney Disease
44,Male,8.6,8.7,224,86,0.78,2.38,142,Anemia
59,Female,12.6,20.4,375,71,0.88,1.97,174,Infection
36,Male,15.4,5.4,378,78,0.52,2.64,300,Hypercholesterolemia
22,Male,13.9,8.0,226,90,1.05,2.61,293,Hypercholesterolemia
59,Female,9.1,6.9,280,87,0.79,1.43,163,Anemia
32,Female,14.7,8.7,289,82,0.89,0.08,153,Hyperthyroidism
47,Male,14.1,6.8,243,83,0.86,2.57,256,Hypercholesterolemia
78,Male,13.5,5.2,284,186,0.78,2.05,143,Diabetes
61,Female,15.8,6.2,283,98,1.03,3.53,292,Hypercholesterolemia
56,Male,8.0,5.0,173,79,0.99,3.85,164,Anemia
83,Male,14.9,7.7,307,79,1.23,0.11,180,Hyperthyroidism
56,Female,13.0,14.2,274,85,1.02,3.76,164,Infection
76,Male,8.5,7.0,259,84,0.82,2.15,149,Anemia
55,Male,13.1,7.6,186,187,1.03,1.23,153,Diabetes
22,Male,13.4,6.1,251,86,0.64,10.82,237,Hypothyroidism
28,Male,10.8,8.9,357,96,2.53,2.66,149,Chronic Kidney Disease
66,Male,14.1,7.4,251,94,0.78,0.14,169,Hyperthyroidism
68,Male,15.9,7.2,257,84,0.7,3.75,267,Hypercholesterolemia
58,Female,12.8,8.0,218,85,0.84,1.59,242,Hypercholesterolemia
28,Male,12.3,6.9,229,80,2.81,2.8,157,Chronic Kidney Disease
24,Female,15.0,8.2,190,100,0.5,0.74,210,Hypercholesterolemia
45,Female,12.4,8.9,353,110,0.72,1.25,163,Diabetes
37,Male,13.7,7.2,238,92,0.79,2.4,188,Healthy
64,Female,7.5,9.5,116,87,0.79,1.44,161,Anemia
19,Male,14.1,8.6,308,229,0.73,2.14,171,Diabetes
84,Female,14.6,6.7,290,134,0.86,2.41,166,Diabetes
76,Male,13.1,7.4,246,72,0.97,0.07,179,Hyperthyroidism
48,Male,14.0,5.2,306,134,0.81,1.22,153,Diabetes
73,Female,14.1,9.1,240,86,0.63,0.12,165,Hyperthyroidism
64,Male,7.9,7.3,236,77,0.93,2.9,152,Anemia
74,Male,8.3,5.8,293,82,0.94,3.1,151,Anemia
68,Female,14.9,19.6,361,92,0.89,2.51,165,Infection
84,Female,10.7,7.8,262,82,2.93,1.1,168,Chronic Kidney Disease
64,Female,13.4,4.6,285,86,0.96,0.07,152,Hyperthyroidism
33,Female,12.7,8.2,289,197,0.9,0.85,162,Diabetes
44,Male,15.0,6.1,302,74,0.54,1.9,149,Healthy
47,Male,9.9,6.3,246,93,2.35,2.71,167,Chronic Kidney Disease
53,Male,9.0,7.9,277,90,5.24,2.4,176,Chronic Kidney Disease
77,Male,7.0,6.4,244,70,1.07,3.05,175,Anemia
65,Male,15.8,6.6,293,69,0.97,1.04,299,Hypercholesterolemia
70,Female,13.5,6.4,270,92,0.73,9.67,172,Hypothyroidism
64,Male,14.5,5.9,285,73,0.6,3.32,293,Hypercholesterolemia
56,Male,14.3,6.5,185,264,1.13,1.17,126,Diabetes
29,Male,7.7,6.0,350,85,0.87,3.08,184,Anemia
61,Male,14.0,7.2,245,84,0.95,14.52,238,Hypothyroidism
18,Male,14.2,11.7,317,225,1.13,3.01,183,Diabetes
36,Male,16.0,9.4,280,89,0.73,1.94,264,Hypercholesterolemia
84,Male,11.0,7.6,225,82,1.08,4.28,157,Anemia
33,Male,14.9,6.8,267,93,0.74,1.01,183,Healthy
40,Male,16.9,7.8,328,78,0.74,3.01,160,Healthy
64,Female,13.3,5.5,210,89,0.8,0.1,155,Hyperthyroidism
25,Male,14.7,6.5,235,75,0.66,0.04,153,Hyperthyroidism
41,Male,13.3,7.7,334,158,0.93,2.28,160,Diabetes
32,Male,11.1,6.1,353,84,0.94,21.3,221,Hypothyroidism
30,Female,15.8,7.3,198,215,0.6,1.58,160,Diabetes
70,Female,9.1,7.1,271,82,3.99,1.83,167,Chronic Kidney Disease
54,Female,11.5,7.5,265,127,0.88,3.03,164,Diabetes
76,Male,13.3,5.8,343,76,0.96,8.55,246,Hypothyroidism
60,Female,13.4,8.2,275,164,0.95,1.54,163,Diabetes
21,Female,6.4,7.1,330,94,0.85,2.13,141,Anemia
20,Female,15.1,8.4,294,89,0.92,0.07,157,Hyperthyroidism
80,Female,14.9,6.2,369,70,1.05,2.76,136,Healthy
34,Female,10.8,7.8,244,95,3.6,1.48,182,Chronic Kidney Disease
72,Female,14.5,6.9,308,81,0.71,0.05,164,Hyperthyroidism
60,Female,16.2,8.6,384,83,1.0,0.02,157,Hyperthyroidism
54,Male,13.4,8.8,281,79,0.85,16.61,228,Hypothyroidism
36,Female,16.5,6.3,306,220,1.07,2.92,144,Diabetes
53,Female,10.1,7.8,137,85,6.21,1.81,196,Chronic Kidney Disease
73,Female,9.4,6.9,288,79,2.52,2.28,142,Chronic Kidney Disease
28,Female,14.2,7.5,204,94,0.99,1.69,249,Hypercholesterolemia
79,Female,13.1,7.2,283,85,0.89,0.94,263,Hypercholesterolemia
52,Female,14.2,7.8,245,206,0.86,2.98,175,Diabetes
71,Female,12.1,7.1,295,100,0.66,0.07,168,Hyperthyroidism
59,Male,9.4,7.0,155,76,1.03,-0.31,177,Anemia
30,Male,14.7,9.1,389,105,0.89,1.39,139,Infection
20,Male,13.3,5.4,278,134,1.1,2.05,177,Diabetes
61,Male,13.4,5.8,235,117,0.97,1.63,169,Diabetes
30,Male,10.8,7.6,242,94,2.87,3.15,151,Chronic Kidney Disease
77,Female,13.5,4.6,166,83,1.06,2.21,151,Healthy
78,Female,10.3,17.1,248,98,1.02,1.88,136,Infection
56,Female,14.3,8.6,246,80,1.05,3.55,238,Hypercholesterolemia
72,Male,14.4,20.1,298,84,0.89,2.43,165,Infection
36,Female,11.4,6.6,136,93,3.37,1.3,173,Chronic Kidney Disease
72,Male,15.3,8.8,184,102,0.77,9.78,238,Hypothyroidism
60,Male,14.5,4.3,210,278,0.83,3.62,178,Diabetes
56,Female,15.8,6.3,338,148,0.79,0.77,154,Diabetes
26,Female,13.4,5.8,392,91,1.1,2.04,158,Healthy
49,Male,15.6,4.4,293,73,1.0,0.1,169,Hyperthyroidism
28,Male,16.4,6.0,268,87,0.76,2.18,161,Healthy
69,Female,14.3,7.7,213,187,1.03,2.94,181,Diabetes
28,Female,10.6,7.4,290,83,0.91,0.83,142,Anemia
39,Female,8.8,7.7,316,91,5.89,3.63,164,Chronic Kidney Disease
24,Female,15.4,5.2,380,81,0.8,1.92,281,Hypercholesterolemia
31,Male,12.4,8.4,322,79,0.75,16.64,213,Hypothyroidism
53,Male,7.6,5.5,143,117,0.82,1.65,168,Anemia
82,Male,15.0,8.6,320,82,0.78,1.95,232,Hypercholesterolemia
82,Female,13.0,9.3,250,91,0.87,10.89,240,Hypothyroidism
43,Male,16.4,5.2,289,263,0.81,3.16,154,Diabetes
67,Female,13.3,6.3,218,154,1.05,1.94,143,Diabetes
47,Male,7.7,7.2,253,86,1.02,0.8,166,Anemia
47,Female,15.4,7.7,291,101,0.69,2.39,142,Healthy
55,Female,10.6,9.0,273,78,4.21,2.48,178,Chronic Kidney Disease
63,Male,12.2,12.3,310,80,0.73,1.95,183,Infection
33,Female,12.3,6.9,242,94,2.81,1.35,178,Chronic Kidney Disease
61,Female,13.9,14.6,282,80,0.97,1.87,161,Infection
19,Male,11.7,7.6,110,77,0.99,2.2,146,Healthy
28,Male,10.5,6.6,158,80,6.45,3.02,192,Chronic Kidney Disease
33,Male,14.8,5.5,328,92,0.96,11.86,225,Hypothyroidism
68,Female,14.3,10.3,303,74,0.8,3.47,230,Hypercholesterolemia
65,Female,14.5,7.9,185,96,0.95,2.41,169,Healthy
61,Female,12.2,20.0,278,87,0.94,2.22,163,Infection
78,Female,14.5,6.3,299,91,0.88,11.96,223,Hypothyroidism
37,Female,12.8,5.7,301,77,0.75,2.79,321,Hypercholesterolemia
34,Male,12.8,13.9,235,87,0.97,1.07,154,Infection
42,Male,13.2,8.3,377,92,0.77,0.03,212,Hyperthyroidism
78,Female,15.3,8.3,240,89,1.02,0.08,164,Hyperthyroidism
75,Male,14.9,6.1,222,91,0.96,18.66,232,Hypothyroidism
30,Female,13.5,17.4,286,96,0.67,2.86,168,Infection
21,Male,14.2,7.4,308,80,0.77,1.66,155,Healthy
70,Female,13.8,5.0,288,92,1.02,3.5,172,Healthy
51,Female,9.8,6.6,168,74,0.85,2.44,174,Anemia
29,Male,14.8,24.7,338,96,0.86,0.75,145,Infection
57,Male,14.0,5.0,308,86,0.89,20.81,230,Hypothyroidism
84,Male,13.2,7.3,242,76,0.81,2.91,298,Hypercholesterolemia
27,Male,14.9,10.6,305,80,1.0,0.11,150,Hyperthyroidism
66,Female,9.6,6.0,285,81,2.98,2.97,130,Chronic Kidney Disease
72,Male,13.2,7.5,347,81,0.96,1.85,286,Hypercholesterolemia
42,Male,14.7,9.1,327,98,0.73,0.02,171,Hyperthyroidism
34,Female,14.4,6.3,260,162,0.77,2.22,156,Diabetes
40,Female,14.4,7.2,268,129,0.78,3.01,163,Diabetes
24,Male,17.0,7.6,322,86,0.8,0.09,139,Hyperthyroidism
75,Male,11.8,6.1,323,78,6.51,3.23,154,Chronic Kidney Disease
19,Male,12.9,13.2,291,78,0.9,1.04,136,Infection
75,Female,15.4,6.0,332,92,1.13,2.74,303,Hypercholesterolemia
46,Female,10.1,8.0,279,88,1.6,2.61,152,Chronic Kidney Disease
49,Female,18.4,8.9,317,81,0.79,1.57,257,Hypercholesterolemia
43,Male,10.7,14.5,278,96,0.96,1.46,174,Infection
74,Female,13.3,7.3,300,93,0.82,0.04,150,Hyperthyroidism
43,Male,11.6,11.7,369,86,4.12,3.88,178,Chronic Kidney Disease
49,Female,15.1,4.8,350,192,0.76,2.62,158,Diabetes
26,Male,12.7,7.4,287,86,0.88,18.89,203,Hypothyroidism
79,Male,9.4,7.2,353,82,3.63,2.25,163,Chronic Kidney Disease
36,Male,11.3,7.5,236,93,3.31,1.89,168,Chronic Kidney Disease
71,Male,13.9,5.8,320,85,0.77,22.28,210,Hypothyroidism
32,Female,13.9,8.0,206,85,1.15,0.01,148,Hyperthyroidism
31,Male,13.6,8.0,307,88,0.82,0.08,180,Hyperthyroidism
50,Female,9.9,7.1,275,98,7.42,1.82,153,Chronic Kidney Disease
54,Male,14.9,9.2,392,88,1.0,17.62,245,Hypothyroidism
33,Male,11.0,6.5,242,148,0.8,0.78,160,Diabetes
40,Female,11.6,15.7,319,89,1.06,0.93,162,Infection
23,Male,14.7,7.1,312,76,1.0,2.69,281,Hypercholesterolemia
40,Female,12.0,4.5,263,66,4.52,2.38,162,Chronic Kidney Disease
23,Male,9.3,6.5,203,86,0.72,2.52,182,Anemia
77,Male,9.1,5.3,212,81,0.61,0.8,146,Anemia
31,Female,12.9,10.2,270,75,0.52,3.6,162,Infection
74,Male,7.7,7.8,159,96,0.91,2.35,168,Anemia
75,Female,9.9,3.5,200,86,0.85,2.56,140,Anemia
53,Female,13.9,5.3,272,98,0.46,3.04,160,Healthy
79,Male,13.0,7.1,257,86,0.99,1.89,153,Healthy
72,Male,14.9,7.1,339,88,0.78,2.52,164,Healthy
25,Male,15.7,9.7,280,85,0.6,17.4,205,Hypothyroidism
57,Female,12.5,6.1,282,173,1.05,2.91,169,Diabetes
66,Male,14.9,9.8,283,188,0.87,3.0,165,Diabetes
78,Female,13.9,6.2,159,77,0.81,2.97,133,Healthy
19,Female,9.6,6.9,347,91,0.88,1.32,152,Anemia
70,Male,13.6,5.9,301,87,0.79,3.35,278,Hypercholesterolemia
18,Male,15.9,7.8,217,81,0.87,2.08,173,Healthy
46,Female,15.1,5.8,301,89,0.82,0.09,160,Hyperthyroidism
45,Male,14.7,8.0,303,93,0.61,2.61,305,Hypercholesterolemia
73,Female,11.8,16.4,231,84,0.83,3.09,166,Infection
42,Female,11.9,9.5,261,91,0.75,1.91,182,Healthy
48,Female,9.7,8.6,171,91,0.94,3.35,164,Anemia
34,Male,16.0,5.8,192,83,0.91,19.45,226,Hypothyroidism
75,Male,14.1,7.3,241,165,0.84,3.69,152,Diabetes
49,Female,12.2,5.7,301,91,0.98,1.13,149,Healthy
56,Female,8.2,4.5,346,94,0.84,2.46,164,Anemia
26,Male,16.1,6.3,235,80,1.04,1.2,283,Hypercholesterolemia
65,Male,14.0,6.6,273,79,0.89,1.86,149,Healthy
83,Female,15.4,6.3,276,90,1.14,1.67,280,Hypercholesterolemia
33,Female,6.6,8.6,195,80,1.01,1.68,171,Anemia
27,Male,14.3,9.1,241,76,0.82,1.92,252,Hypercholesterolemia
55,Female,13.7,5.6,284,82,0.85,2.15,210,Hypercholesterolemia
28,Male,14.6,7.8,271,77,0.97,0.04,151,Hyperthyroidism
50,Female,15.8,3.5,274,84,0.85,0.07,133,Hyperthyroidism
25,Male,15.1,5.8,390,82,0.72,2.15,242,Hypercholesterolemia
31,Male,15.5,5.7,242,80,0.98,4.41,277,Hypercholesterolemia
22,Male,15.0,8.2,162,80,0.63,1.61,225,Hypercholesterolemia
19,Female,15.1,5.1,245,86,0.57,5.9,219,Hypothyroidism
34,Male,15.7,11.4,226,73,0.79,3.57,158,Healthy
49,Female,8.0,7.8,119,84,1.08,3.47,146,Anemia
34,Male,6.6,8.3,267,78,0.9,3.36,149,Anemia
25,Male,14.9,5.4,200,174,0.82,3.27,168,Diabetes
78,Female,9.4,6.0,242,78,0.92,1.48,162,Anemia
75,Female,13.2,6.3,220,67,0.63,3.79,164,Healthy
64,Female,13.9,5.8,271,61,1.18,22.92,222,Hypothyroidism
25,Female,16.9,18.6,202,72,0.85,1.74,174,Infection
47,Female,12.9,7.8,295,243,0.81,3.16,164,Diabetes
77,Male,13.5,7.0,214,110,0.9,4.65,168,Diabetes
33,Male,15.4,7.4,288,76,0.93,0.95,247,Hypercholesterolemia
50,Male,17.0,8.4,275,92,0.71,2.05,137,Healthy
54,Female,16.5,5.2,318,76,0.91,21.65,203,Hypothyroidism
43,Male,9.4,7.8,237,86,0.84,1.51,131,Anemia
59,Male,13.2,4.4,335,130,1.23,1.77,166,Diabetes
54,Male,14.9,5.1,247,71,0.85,2.27,263,Hypercholesterolemia
57,Male,13.7,24.6,331,93,0.68,2.43,178,Infection
37,Female,9.4,6.1,301,87,2.96,2.97,121,Chronic Kidney Disease
46,Male,8.8,5.5,172,97,4.28,2.07,173,Chronic Kidney Disease
63,Female,15.1,7.7,372,86,0.78,0.09,145,Hyperthyroidism
33,Female,11.1,10.7,231,78,1.6,2.58,142,Chronic Kidney Disease
25,Female,13.2,5.0,273,94,0.95,0.03,163,Hyperthyroidism
27,Male,13.7,8.3,255,80,0.92,1.66,157,Healthy
36,Male,14.9,8.8,338,89,0.97,1.25,275,Hypercholesterolemia
57,Male,18.3,6.9,307,84,0.62,2.66,188,Healthy
22,Female,14.1,14.9,331,82,1.03,2.9,142,Infection
40,Female,14.3,8.6,208,76,0.75,9.26,219,Hypothyroidism
80,Male,16.0,5.8,198,227,0.84,3.13,165,Diabetes
44,Female,9.2,6.4,260,76,4.57,2.36,152,Chronic Kidney Disease
78,Male,11.0,5.1,247,93,5.17,2.49,165,Chronic Kidney Disease
62,Female,11.7,17.9,287,86,0.89,1.95,161,Infection
67,Male,16.9,8.8,242,89,0.72,1.48,187,Healthy
38,Male,8.8,6.8,242,84,1.01,1.5,175,Anemia
57,Female,11.5,7.3,233,89,3.21,1.4,154,Chronic Kidney Disease
58,Male,14.0,6.1,332,212,0.91,2.41,153,Diabetes
29,Female,18.3,6.1,219,131,0.68,3.06,191,Diabetes
49,Female,12.1,8.1,349,89,0.79,0.08,161,Hyperthyroidism
23,Male,14.2,6.1,288,90,0.76,1.96,308,Hypercholesterolemia
46,Female,6.4,5.1,281,90,0.81,0.62,180,Anemia
66,Female,11.2,4.6,329,91,6.48,2.21,150,Chronic Kidney Disease
68,Female,13.3,6.8,251,110,0.82,2.04,124,Diabetes
32,Male,6.8,5.4,190,83,1.04,1.35,163,Anemia
22,Male,12.8,20.0,247,91,0.68,1.69,128,Infection
30,Male,14.9,11.1,448,94,0.8,2.46,149,Infection
33,Female,16.1,8.9,324,79,0.86,1.96,145,Healthy
61,Male,14.8,6.1,410,90,1.0,14.39,193,Hypothyroidism
80,Male,13.1,6.1,264,92,0.97,0.15,177,Hyperthyroidism
58,Female,7.6,8.0,216,80,1.26,2.23,163,Anemia
21,Male,15.0,6.4,280,83,1.02,27.62,220,Hypothyroidism
60,Female,7.1,8.9,173,93,0.79,0.96,152,Anemia
22,Male,9.3,17.7,248,86,0.85,2.74,134,Infection
56,Female,10.3,6.7,339,76,5.58,2.47,170,Chronic Kidney Disease
46,Female,10.6,8.0,222,86,0.69,2.77,152,Anemia
57,Female,13.2,8.7,292,69,1.07,16.4,251,Hypothyroidism
26,Male,15.3,6.9,281,81,0.94,1.29,185,Healthy
77,Female,14.7,6.9,375,90,1.04,1.56,274,Hypercholesterolemia
53,Female,7.3,7.9,281,81,0.68,3.31,140,Anemia
72,Female,14.0,7.3,274,81,0.91,4.14,155,Healthy
77,Male,10.0,6.8,123,100,0.75,2.41,182,Anemia
69,Male,15.4,7.5,274,77,0.89,0.08,175,Hyperthyroidism
80,Female,11.6,21.8,236,95,0.73,1.7,175,Infection
27,Male,9.5,6.3,271,85,5.1,3.87,141,Chronic Kidney Disease
54,Male,14.0,10.9,292,78,0.85,0.59,249,Hypercholesterolemia
40,Male,10.8,8.8,218,77,1.09,2.23,158,Anemia
34,Male,11.2,15.4,318,88,1.11,2.3,150,Infection
69,Male,13.4,10.8,217,77,1.01,1.88,279,Hypercholesterolemia
29,Female,12.5,7.0,273,68,5.16,1.92,140,Chronic Kidney Disease
38,Female,14.5,6.3,178,84,0.76,0.14,172,Hyperthyroidism
36,Male,12.1,7.2,355,73,4.25,3.27,150,Chronic Kidney Disease
59,Male,16.1,8.7,317,88,0.95,2.17,253,Hypercholesterolemia
69,Female,11.3,8.6,197,86,5.79,1.43,171,Chronic Kidney Disease
68,Male,13.8,5.1,249,85,1.15,2.19,294,Hypercholesterolemia
54,Male,14.7,13.6,321,75,1.09,2.26,147,Infection
30,Male,10.6,8.2,333,91,0.99,3.25,165,Anemia
40,Male,10.9,6.6,184,91,4.54,-0.15,153,Chronic Kidney Disease
41,Female,14.0,6.2,231,216,0.68,2.42,152,Diabetes
66,Female,15.2,5.0,206,86,1.07,19.3,232,Hypothyroidism
47,Male,16.0,7.8,258,75,1.0,1.3,279,Hypercholesterolemia
82,Female,14.6,8.3,290,77,0.96,0.12,155,Hyperthyroidism
57,Male,11.1,9.0,233,78,4.48,2.61,153,Chronic Kidney Disease
33,Male,13.1,16.8,252,82,0.94,1.74,157,Infection
72,Female,14.9,7.9,329,89,0.77,18.21,232,Hypothyroidism
29,Male,14.2,7.2,358,93,0.96,0.98,149,Healthy
52,Female,14.8,10.2,241,86,1.12,3.1,162,Healthy
45,Female,9.7,5.6,212,92,3.15,1.69,145,Chronic Kidney Disease
66,Female,15.9,5.7,179,92,0.91,16.07,211,Hypothyroidism
44,Male,15.6,7.8,200,92,0.83,0.01,149,Hyperthyroidism
27,Male,14.2,9.5,282,95,0.81,3.06,287,Hypercholesterolemia
51,Female,9.9,8.9,326,76,3.41,2.7,164,Chronic Kidney Disease
19,Male,14.9,4.3,309,84,0.97,24.02,231,Hypothyroidism
28,Male,9.6,7.3,362,87,5.98,1.04,155,Chronic Kidney Disease
29,Male,13.0,7.3,340,90,1.19,0.07,155,Hyperthyroidism
43,Male,16.5,14.4,266,82,0.58,1.82,190,Infection
37,Female,13.2,20.2,295,81,1.2,2.1,156,Infection
44,Male,13.7,6.8,276,81,0.93,19.07,195,Hypothyroidism
83,Female,15.5,4.5,268,93,1.12,2.57,157,Healthy
21,Female,14.0,6.4,294,84,0.89,14.71,217,Hypothyroidism
44,Male,11.1,13.1,267,92,0.92,3.0,159,Infection
31,Male,11.8,8.7,253,82,1.04,2.31,155,Healthy
59,Female,10.8,8.5,326,80,6.66,2.49,176,Chronic Kidney Disease
39,Female,14.2,7.3,289,81,0.66,19.32,197,Hypothyroidism
76,Female,15.4,6.8,201,81,0.82,3.39,150,Healthy
80,Male,15.5,7.5,298,62,0.87,2.78,158,Healthy
66,Male,10.3,7.9,324,88,4.41,2.23,169,Chronic Kidney Disease
84,Female,10.5,7.4,214,86,6.47,2.68,167,Chronic Kidney Disease
22,Female,15.7,8.2,319,84,0.87,1.7,342,Hypercholesterolemia
48,Male,14.4,6.0,329,81,0.97,14.18,256,Hypothyroidism
26,Male,13.0,6.9,290,90,1.04,15.23,218,Hypothyroidism
21,Female,10.9,6.2,289,78,3.46,3.49,162,Chronic Kidney Disease
49,Female,14.3,7.8,288,79,0.92,11.06,170,Hypothyroidism
26,Male,16.2,9.1,252,81,0.81,19.91,210,Hypothyroidism
40,Female,15.9,7.3,351,77,0.74,0.12,156,Hyperthyroidism
68,Male,14.5,10.3,241,79,0.89,0.08,149,Hyperthyroidism
46,Female,17.5,11.2,250,81,0.93,0.03,171,Hyperthyroidism
20,Female,13.6,6.6,266,91,0.96,10.3,235,Hypothyroidism
82,Male,16.0,5.9,325,65,0.94,0.87,163,Healthy
45,Female,10.7,6.4,248,80,0.73,1.86,173,Anemia
62,Female,15.1,4.4,363,82,0.83,2.5,170,Healthy
46,Male,15.3,7.1,347,81,0.88,9.94,262,Hypothyroidism
68,Female,14.6,5.0,272,81,1.07,0.08,160,Hyperthyroidism
37,Female,14.5,6.8,166,93,1.06,0.03,148,Hyperthyroidism
79,Female,15.0,7.8,228,81,1.06,2.06,336,Hypercholesterolemia
84,Male,6.7,7.2,215,86,0.97,3.81,146,Anemia
23,Female,13.2,7.1,278,100,0.87,14.2,179,Hypothyroidism
57,Male,10.5,6.5,206,91,5.81,3.28,152,Chronic Kidney Disease
80,Female,15.4,6.3,216,80,0.83,22.65,214,Hypothyroidism
22,Female,10.7,5.9,234,88,2.53,2.54,172,Chronic Kidney Disease
33,Male,13.6,8.1,356,87,1.03,2.48,267,Hypercholesterolemia
18,Male,16.9,5.6,276,196,0.57,1.85,182,Diabetes
19,Female,13.5,6.6,187,204,1.17,1.73,174,Diabetes
26,Male,17.7,7.3,316,88,0.63,0.11,165,Hyperthyroidism
57,Female,16.4,6.8,255,99,0.84,0.06,183,Hyperthyroidism
38,Male,16.8,8.8,294,88,0.88,18.84,217,Hypothyroidism
61,Female,14.5,7.7,292,87,1.03,12.11,185,Hypothyroidism
81,Male,12.7,5.6,306,75,0.79,0.08,163,Hyperthyroidism
84,Female,7.6,4.3,174,91,0.92,2.57,139,Anemia
77,Female,13.9,8.1,313,90,1.1,3.43,151,Infection
45,Female,12.9,4.7,243,104,1.02,9.83,194,Hypothyroidism
24,Male,13.3,8.8,254,93,0.78,18.38,208,Hypothyroidism
46,Female,14.3,6.4,196,74,0.99,14.43,182,Hypothyroidism
64,Female,12.5,7.8,316,83,1.02,3.92,144,Healthy
63,Female,13.8,6.6,301,184,1.0,1.06,151,Diabetes
21,Female,14.1,5.2,230,88,0.93,0.05,143,Hyperthyroidism
60,Female,8.1,5.6,147,82,0.94,2.95,164,Anemia
81,Male,11.8,22.7,337,90,1.06,1.59,165,Infection
20,Female,16.0,5.6,229,93,0.94,1.77,286,Hypercholesterolemia
69,Female,15.7,9.0,275,92,1.01,27.5,252,Hypothyroidism
23,Male,13.9,6.2,276,79,0.9,0.11,139,Hyperthyroidism
55,Male,11.5,5.1,243,92,3.51,1.56,164,Chronic Kidney Disease
45,Female,14.8,7.1,334,92,0.69,13.21,190,Hypothyroidism
59,Male,13.2,3.4,298,101,1.08,14.66,207,Hypothyroidism
29,Female,16.6,8.3,315,83,1.0,1.73,159,Healthy
20,Female,14.0,6.9,313,71,0.93,0.06,170,Hyperthyroidism
23,Male,16.3,7.2,352,84,0.72,17.64,225,Hypothyroidism
43,Female,15.2,5.5,299,76,1.08,12.03,200,Hypothyroidism
47,Male,14.7,5.9,363,132,0.85,3.29,154,Diabetes
20,Female,7.6,7.2,201,74,0.8,0.98,132,Anemia
46,Male,11.6,14.4,294,78,1.05,1.32,155,Infection
75,Female,11.9,7.9,255,100,4.94,2.09,143,Chronic Kidney Disease
34,Male,14.8,5.9,339,205,1.04,1.15,148,Diabetes
35,Female,14.4,6.8,249,98,1.2,0.12,159,Hyperthyroidism
84,Female,14.9,5.9,225,82,0.78,1.52,252,Hypercholesterolemia
38,Male,7.6,7.8,316,80,5.58,2.97,166,Chronic Kidney Disease
28,Male,14.2,7.7,316,90,0.88,0.09,169,Hyperthyroidism
27,Male,12.9,9.0,276,86,0.76,0.13,156,Hyperthyroidism
30,Male,7.7,7.1,263,86,0.77,2.71,159,Anemia
22,Male,15.0,6.8,324,79,1.0,19.51,219,Hypothyroidism
32,Female,13.5,6.5,298,79,0.6,1.42,310,Hypercholesterolemia
21,Male,13.1,14.7,319,81,1.15,3.34,157,Infection
33,Male,16.6,6.0,323,206,0.85,2.13,135,Diabetes
76,Male,9.4,6.2,309,90,5.12,3.38,152,Chronic Kidney Disease
46,Male,14.4,17.0,213,84,1.12,2.22,150,Infection
77,Female,7.4,8.1,250,95,0.78,3.37,137,Anemia
40,Female,16.4,6.8,321,92,0.68,5.6,221,Hypothyroidism
45,Male,15.4,7.1,386,68,0.65,0.03,151,Hyperthyroidism
67,Male,11.1,6.8,274,86,3.5,3.13,156,Chronic Kidney Disease
55,Female,15.8,6.4,311,83,0.86,2.98,180,Healthy
63,Female,7.2,8.2,252,80,1.23,2.02,162,Anemia
58,Male,15.0,8.8,223,104,0.87,10.63,267,Hypothyroidism
64,Male,15.7,5.5,173,183,0.88,2.43,134,Diabetes
79,Female,15.1,8.3,227,79,1.09,3.67,152,Healthy
30,Male,15.3,6.8,215,92,0.96,19.34,259,Hypothyroidism
40,Male,11.6,7.8,280,81,4.75,2.13,161,Chronic Kidney Disease
67,Male,13.7,7.1,337,89,4.78,1.64,146,Chronic Kidney Disease
59,Male,6.6,5.6,153,80,1.05,3.79,201,Anemia
35,Male,15.8,8.5,323,86,1.0,9.59,249,Hypothyroidism
32,Male,13.9,12.4,414,76,0.91,2.29,149,Infection
58,Male,13.7,5.2,166,146,1.05,3.12,174,Diabetes
63,Female,11.3,6.7,361,84,4.0,2.25,168,Chronic Kidney Disease
37,Male,13.3,14.2,389,83,0.75,3.04,151,Infection
38,Female,12.0,8.0,306,93,0.74,2.66,168,Healthy
80,Male,11.0,7.0,376,75,1.6,2.62,140,Chronic Kidney Disease
54,Female,16.2,8.0,303,84,1.05,2.46,283,Hypercholesterolemia
21,Male,13.5,5.7,270,164,1.16,0.85,158,Diabetes
19,Male,14.2,7.4,301,76,1.05,2.22,153,Healthy
58,Male,9.7,9.7,273,80,3.27,1.59,167,Chronic Kidney Disease
61,Female,15.5,7.1,277,73,0.7,10.17,228,Hypothyroidism
49,Male,14.7,6.9,222,86,0.76,0.06,175,Hyperthyroidism
66,Female,13.3,6.4,189,90,0.78,15.37,251,Hypothyroidism
26,Female,15.0,6.2,293,90,0.76,0.08,173,Hyperthyroidism
66,Female,11.9,6.6,231,87,0.97,23.27,188,Hypothyroidism
44,Female,9.3,6.1,294,77,0.84,1.32,175,Anemia
75,Male,17.0,9.1,294,144,0.89,2.3,170,Diabetes
72,Male,12.7,8.1,296,86,0.92,3.28,162,Healthy
81,Male,8.2,4.9,199,82,1.03,3.49,162,Anemia
75,Male,13.3,7.2,255,80,1.02,0.17,157,Hyperthyroidism
66,Male,14.6,5.7,290,78,0.78,2.69,257,Hypercholesterolemia
37,Male,11.7,4.6,116,83,1.04,1.56,155,Anemia
44,Male,16.8,4.8,276,242,0.98,1.19,179,Diabetes
54,Female,13.8,6.8,332,155,0.85,0.99,165,Diabetes
38,Male,15.8,8.8,323,98,0.85,0.11,143,Hyperthyroidism
29,Male,14.8,5.8,281,168,0.83,1.56,145,Diabetes
28,Female,14.4,8.5,304,135,0.77,2.17,162,Diabetes
25,Male,14.6,11.6,204,87,0.97,3.31,156,Healthy
18,Male,8.2,7.2,196,75,0.59,3.44,163,Anemia
67,Male,5.4,4.4,164,93,0.99,1.78,160,Anemia
78,Female,14.4,7.5,323,74,0.95,0.03,152,Hyperthyroidism
65,Female,14.6,8.0,349,285,1.03,2.27,165,Diabetes
63,Male,12.2,4.6,317,251,0.79,4.12,166,Diabetes
28,Male,9.2,5.1,154,88,1.14,1.91,149,Anemia
64,Female,10.0,6.5,131,77,0.75,3.0,157,Anemia
26,Female,14.1,6.2,255,91,0.61,2.2,269,Hypercholesterolemia
52,Male,8.6,6.3,276,79,8.71,2.43,135,Chronic Kidney Disease
51,Female,16.9,7.1,305,85,1.06,2.17,162,Healthy
73,Male,9.3,5.3,206,94,0.77,2.17,176,Anemia
79,Male,14.9,4.1,253,182,0.76,1.44,152,Diabetes
33,Female,15.7,7.9,387,90,0.67,5.0,196,Hypothyroidism
44,Female,9.3,5.4,307,83,0.85,1.72,136,Anemia
69,Female,13.3,7.7,276,157,0.95,2.1,158,Diabetes
49,Male,13.4,7.0,209,203,0.77,2.11,159,Diabetes
49,Male,15.9,8.2,233,79,1.06,0.11,131,Hyperthyroidism
80,Female,15.8,7.5,292,87,0.99,1.22,243,Hypercholesterolemia
62,Female,9.6,6.9,291,85,7.94,2.2,167,Chronic Kidney Disease
46,Female,13.1,18.2,228,90,0.61,1.88,165,Infection
77,Male,14.8,4.6,177,88,0.68,1.63,272,Hypercholesterolemia
54,Female,15.5,7.1,364,214,1.19,2.46,181,Diabetes
45,Female,14.8,13.6,268,86,0.98,2.56,168,Infection
68,Male,15.8,7.9,274,82,1.09,0.07,161,Hyperthyroidism
26,Male,12.0,4.6,311,178,1.06,2.1,166,Diabetes
49,Male,14.5,6.1,161,85,0.84,0.03,130,Hyperthyroidism
69,Female,16.1,6.9,237,72,0.89,3.01,231,Hypercholesterolemia
31,Female,13.4,7.3,269,96,0.96,8.93,243,Hypothyroidism
67,Female,15.3,5.7,250,78,0.98,0.07,134,Hyperthyroidism
69,Male,15.3,7.1,326,84,1.11,13.88,270,Hypothyroidism
34,Male,16.8,8.0,285,259,0.84,2.04,173,Diabetes
20,Male,14.6,7.3,246,92,1.03,0.14,158,Hyperthyroidism
70,Female,7.7,6.5,162,80,0.89,1.99,150,Anemia
29,Male,15.8,4.8,260,82,1.06,2.52,234,Hypercholesterolemia
18,Female,14.2,19.1,231,81,1.21,2.17,175,Infection
54,Female,8.4,5.8,223,84,0.58,2.37,165,Anemia
49,Male,9.3,7.8,334,82,3.4,1.85,160,Chronic Kidney Disease
35,Female,16.3,5.9,324,79,0.92,0.04,143,Hyperthyroidism
47,Male,16.6,6.6,383,85,0.87,22.65,188,Hypothyroidism
36,Female,9.9,6.1,235,84,0.9,1.45,162,Anemia
52,Male,14.7,4.8,292,91,0.99,2.43,164,Healthy
52,Male,15.2,4.6,329,79,0.9,0.48,252,Hypercholesterolemia
80,Female,15.5,9.3,321,210,1.01,2.49,179,Diabetes
70,Female,13.8,8.4,322,100,1.02,0.05,149,Hyperthyroidism
50,Male,15.9,14.8,267,88,0.99,2.33,153,Infection
74,Female,12.0,4.5,192,196,0.94,1.63,155,Diabetes
19,Female,11.9,8.1,213,83,1.7,1.5,159,Chronic Kidney Disease
54,Female,13.0,7.3,247,90,0.95,3.09,276,Hypercholesterolemia
26,Female,11.7,23.8,250,92,0.99,2.8,134,Infection
19,Male,16.6,7.9,243,89,0.96,1.89,172,Healthy
35,Male,14.7,8.0,264,76,1.06,1.98,231,Hypercholesterolemia
69,Male,12.2,16.6,302,76,1.11,2.63,129,Infection
36,Male,12.9,8.2,291,85,0.76,0.75,162,Healthy
39,Female,16.2,6.1,288,98,0.85,2.38,180,Healthy
43,Male,10.2,14.1,291,97,1.05,1.19,152,Infection
40,Male,11.2,20.9,234,89,0.95,3.39,158,Infection
69,Female,8.0,6.8,294,80,0.76,1.7,180,Anemia
22,Female,11.6,15.9,302,76,1.1,2.69,160,Infection
80,Female,9.6,8.0,211,93,1.01,3.2,166,Anemia
50,Female,13.4,7.4,322,81,0.83,1.81,169,Healthy
72,Male,13.4,7.2,312,75,0.93,1.15,197,Healthy
35,Female,10.9,6.6,288,88,6.9,3.5,160,Chronic Kidney Disease
64,Female,5.5,4.4,242,86,0.9,3.9,160,Anemia
44,Male,8.4,7.9,192,87,1.01,2.14,151,Anemia
38,Male,13.1,7.0,282,80,0.63,14.17,154,Hypothyroidism
39,Female,14.8,5.8,232,143,0.79,3.06,140,Diabetes
47,Male,15.2,10.9,331,192,0.7,2.62,150,Diabetes
64,Male,13.7,5.9,358,85,0.94,21.36,217,Hypothyroidism
46,Female,12.2,25.1,278,78,0.84,2.49,152,Infection
46,Male,14.6,4.9,261,81,0.94,1.52,235,Hypercholesterolemia
28,Female,15.0,6.9,268,78,1.0,20.05,232,Hypothyroidism
38,Male,14.3,7.3,266,238,1.1,1.42,150,Diabetes
26,Female,13.4,7.4,384,80,0.95,13.89,226,Hypothyroidism
71,Female,10.2,19.8,179,92,1.04,0.81,164,Infection
27,Female,11.3,6.3,190,92,3.76,2.22,148,Chronic Kidney Disease
18,Female,9.5,8.4,319,96,3.94,2.14,159,Chronic Kidney Disease
47,Male,12.3,16.9,250,89,0.81,2.0,163,Infection
71,Female,6.9,7.9,232,84,0.9,2.91,164,Anemia
77,Female,14.5,4.1,285,80,1.19,0.78,302,Hypercholesterolemia
71,Female,14.4,8.0,272,71,0.72,0.1,145,Hyperthyroidism
30,Female,13.2,6.9,312,80,1.02,0.05,164,Hyperthyroidism
29,Male,16.6,7.6,310,94,0.77,0.08,131,Hyperthyroidism
30,Male,13.4,5.9,411,97,0.85,1.37,162,Healthy
68,Male,8.5,6.8,262,86,4.31,0.85,145,Chronic Kidney Disease
19,Female,6.9,5.2,307,93,0.8,1.8,134,Anemia
79,Male,10.0,6.2,301,87,2.16,3.46,152,Chronic Kidney Disease
75,Male,14.4,7.3,209,76,1.03,16.81,213,Hypothyroidism
61,Female,12.8,5.7,274,86,0.79,2.51,244,Hypercholesterolemia
83,Male,12.3,19.9,311,86,0.98,3.22,167,Infection
58,Male,17.2,8.1,277,66,0.81,0.01,157,Hyperthyroidism
28,Female,15.7,6.5,351,75,0.94,9.3,210,Hypothyroidism
29,Female,15.3,6.2,246,186,0.81,1.62,163,Diabetes
52,Male,15.4,7.3,286,139,0.8,2.83,163,Diabetes
69,Female,14.0,9.1,259,80,0.89,0.11,154,Hyperthyroidism
25,Female,14.9,6.1,285,198,0.55,3.66,165,Diabetes
56,Female,13.8,9.4,291,81,0.9,1.04,269,Hypercholesterolemia
24,Male,17.6,6.7,208,88,1.21,3.7,158,Healthy
42,Male,14.4,7.8,396,230,1.01,3.29,175,Diabetes
40,Female,16.2,8.6,266,83,1.1,1.69,278,Hypercholesterolemia
22,Male,15.1,5.5,250,199,0.94,1.64,152,Diabetes
84,Male,10.0,15.6,322,89,1.01,3.17,155,Infection
63,Male,11.1,13.6,216,89,0.65,1.53,131,Infection
40,Male,11.6,6.2,264,82,6.61,1.7,170,Chronic Kidney Disease
71,Male,14.1,7.1,251,98,0.76,2.01,162,Healthy
61,Male,13.7,4.8,269,97,0.84,0.09,151,Hyperthyroidism
67,Male,15.1,7.0,267,214,0.72,2.48,163,Diabetes
26,Male,10.9,7.3,349,86,2.89,1.45,173,Chronic Kidney Disease
58,Male,14.8,7.3,388,83,0.86,0.09,149,Hyperthyroidism
36,Male,16.0,5.3,206,91,0.84,14.43,243,Hypothyroidism
84,Female,10.9,6.9,277,96,2.83,2.64,189,Chronic Kidney Disease
36,Male,15.7,4.9,243,156,0.83,2.45,179,Diabetes
46,Female,13.5,6.2,255,105,0.92,3.56,162,Healthy
30,Female,16.3,8.5,303,100,0.95,1.64,302,Hypercholesterolemia
45,Female,10.9,17.2,256,86,0.73,1.42,167,Infection
71,Female,8.4,8.7,252,77,0.9,2.46,167,Anemia
51,Female,15.3,7.1,291,83,0.95,2.99,324,Hypercholesterolemia
50,Female,13.6,22.7,362,84,1.12,1.89,153,Infection
38,Female,16.4,9.7,223,115,1.09,0.42,159,Diabetes
35,Female,13.2,8.8,283,189,1.05,2.73,156,Diabetes
54,Male,7.7,8.4,212,98,0.71,0.61,177,Anemia
40,Female,15.8,13.4,253,85,0.83,0.73,137,Infection
39,Female,14.0,8.5,224,85,1.19,0.25,193,Healthy
50,Male,13.7,12.7,277,83,1.01,1.85,147,Infection
48,Male,13.2,7.9,269,189,0.77,2.35,159,Diabetes
72,Female,15.0,5.4,228,76,0.81,0.07,148,Hyperthyroidism
67,Male,15.6,7.6,261,86,0.91,1.84,161,Healthy
21,Male,15.6,5.3,316,86,0.83,1.11,287,Hypercholesterolemia
42,Female,6.9,7.0,212,85,0.94,1.41,145,Anemia
71,Male,14.6,6.4,279,250,0.81,-0.07,150,Diabetes
54,Male,14.9,6.4,274,81,0.81,24.53,239,Hypothyroidism
39,Male,10.3,8.9,229,76,0.84,1.79,170,Anemia
68,Male,12.9,7.4,235,79,1.04,2.54,148,Healthy
62,Male,15.4,6.2,298,172,0.94,3.29,151,Diabetes
59,Female,7.1,8.8,269,107,0.91,2.61,169,Anemia
29,Female,14.4,16.8,270,97,0.75,2.1,155,Infection
33,Female,15.1,10.7,331,94,0.94,24.5,247,Hypothyroidism
60,Female,12.3,8.8,269,85,0.71,0.01,158,Hyperthyroidism
71,Male,13.4,9.0,210,72,1.02,1.74,176,Healthy
41,Male,10.8,23.5,286,88,0.85,0.62,144,Infection
77,Male,14.2,6.1,247,170,0.84,3.25,149,Diabetes
64,Male,14.3,6.3,322,88,0.89,2.25,267,Hypercholesterolemia
66,Female,15.4,6.3,257,75,0.7,20.1,199,Hypothyroidism
33,Male,15.6,6.4,361,85,0.91,3.49,162,Healthy
19,Male,7.9,5.7,276,83,0.99,2.07,173,Anemia
82,Female,13.8,7.2,261,156,1.06,1.87,150,Diabetes
37,Female,10.3,7.9,195,77,6.79,3.83,162,Chronic Kidney Disease
43,Male,12.7,19.8,291,73,1.0,1.54,174,Infection
66,Male,16.7,8.0,308,89,0.95,2.87,267,Hypercholesterolemia
18,Male,15.0,4.2,313,86,0.57,2.92,163,Healthy
19,Female,9.9,9.6,272,78,1.6,3.86,165,Chronic Kidney Disease
69,Female,15.2,6.2,329,91,0.99,2.68,163,Healthy
56,Female,14.1,5.9,257,85,0.92,0.13,162,Hyperthyroidism
62,Male,12.5,6.9,262,86,0.82,0.09,181,Hyperthyroidism
64,Male,12.9,8.1,327,80,0.91,2.74,163,Infection
50,Female,11.4,16.2,319,98,0.87,2.51,154,Infection
30,Female,15.3,21.7,264,75,0.9,3.64,153,Infection
27,Male,11.8,21.1,361,74,0.87,1.38,157,Infection
43,Female,14.3,8.8,289,89,0.88,0.1,156,Hyperthyroidism
46,Female,15.1,3.6,345,86,1.13,18.24,250,Hypothyroidism
19,Female,16.3,8.7,326,88,0.92,4.81,173,Healthy
52,Female,9.1,6.2,158,83,0.91,2.5,179,Anemia
79,Male,8.1,8.2,207,81,0.95,-0.12,162,Anemia
39,Female,14.9,16.4,270,86,0.77,2.0,161,Infection
67,Male,13.7,8.5,251,86,0.89,0.03,165,Hyperthyroidism
83,Female,14.0,6.2,227,93,1.24,0.04,164,Hyperthyroidism
36,Male,14.0,7.5,312,82,0.93,2.01,162,Healthy
61,Female,14.3,5.9,201,70,1.05,0.81,322,Hypercholesterolemia
56,Female,15.7,7.4,273,84,0.76,9.48,251,Hypothyroidism
68,Male,10.9,4.8,292,84,5.4,2.99,158,Chronic Kidney Disease
45,Female,13.8,9.1,231,91,1.11,1.32,261,Hypercholesterolemia
76,Female,14.1,6.5,263,143,0.79,1.62,159,Diabetes
79,Male,14.3,9.1,244,84,1.22,4.54,174,Healthy
32,Female,13.4,4.2,398,81,0.69,1.59,278,Hypercholesterolemia
24,Male,14.8,7.7,289,77,1.13,0.93,268,Hypercholesterolemia
64,Female,14.7,8.3,210,93,0.91,20.7,234,Hypothyroidism
37,Male,12.4,8.6,285,100,1.14,0.14,177,Hyperthyroidism
42,Male,12.0,12.0,327,66,0.88,2.1,164,Infection
73,Female,13.1,7.9,319,82,0.89,2.08,227,Hypercholesterolemia
47,Male,14.2,6.6,185,92,0.97,3.18,143,Infection
81,Female,14.7,8.7,369,88,0.85,3.57,312,Hypercholesterolemia
53,Male,10.5,6.9,319,90,4.63,1.75,179,Chronic Kidney Disease
78,Male,14.4,6.4,329,87,0.77,2.18,171,Healthy
76,Female,13.7,9.0,214,74,1.37,0.09,170,Hyperthyroidism
44,Female,13.3,8.3,240,94,1.21,2.64,286,Hypercholesterolemia
50,Female,14.6,5.3,297,83,0.96,9.99,205,Hypothyroidism
38,Female,14.3,7.8,287,81,0.88,7.32,221,Hypothyroidism
25,Male,8.5,7.6,148,85,0.79,2.66,162,Anemia
22,Female,10.9,6.9,212,79,4.59,2.9,150,Chronic Kidney Disease
74,Female,15.7,6.7,201,83,0.76,17.56,236,Hypothyroidism
35,Female,12.4,3.9,244,79,0.98,0.05,144,Hyperthyroidism
75,Female,16.6,6.2,205,83,0.92,8.54,197,Hypothyroidism
78,Male,14.1,8.7,341,104,0.67,2.43,155,Healthy
57,Female,13.5,6.8,244,71,1.25,14.06,189,Hypothyroidism
42,Male,10.3,7.7,293,80,1.6,3.04,158,Chronic Kidney Disease
67,Female,15.3,17.0,259,86,1.01,1.38,152,Infection
38,Male,11.3,6.3,247,90,1.6,3.55,176,Chronic Kidney Disease
78,Male,13.0,6.1,308,82,0.69,0.06,143,Hyperthyroidism
69,Male,14.9,6.2,346,88,0.87,2.53,165,Healthy
77,Male,13.2,5.7,250,142,0.85,3.95,152,Diabetes
26,Female,13.8,6.0,304,91,0.74,2.89,274,Hypercholesterolemia
57,Female,16.8,9.4,296,85,0.63,10.07,198,Hypothyroidism
33,Female,14.5,7.4,270,209,0.68,3.53,167,Diabetes
80,Male,12.3,15.0,320,98,0.97,1.86,143,Infection
59,Male,16.1,6.9,261,198,0.83,1.18,164,Diabetes
71,Female,7.8,6.8,358,71,1.03,1.48,174,Anemia
42,Male,15.9,7.4,294,92,0.83,23.72,210,Hypothyroidism
21,Male,13.2,16.4,313,93,1.02,1.55,177,Infection
21,Male,15.5,7.5,318,96,0.56,1.27,149,Healthy
67,Female,9.0,4.7,160,78,0.97,3.89,135,Anemia
35,Male,16.5,5.1,262,76,0.97,10.14,219,Hypothyroidism
47,Male,11.1,8.3,228,79,5.75,2.53,127,Chronic Kidney Disease
68,Female,13.6,17.1,287,82,0.88,2.41,145,Infection
70,Female,15.7,15.6,199,88,0.89,1.59,150,Infection
62,Male,13.5,21.1,378,97,1.09,2.42,159,Infection
77,Female,13.6,7.8,334,92,0.77,2.47,301,Hypercholesterolemia
21,Female,12.7,7.9,285,97,0.84,2.78,278,Hypercholesterolemia
30,Female,9.9,5.1,286,75,2.58,1.05,165,Chronic Kidney Disease
54,Male,13.4,9.5,216,73,0.78,0.12,157,Hyperthyroidism
41,Female,17.8,6.2,363,76,0.73,15.57,256,Hypothyroidism
21,Male,15.0,8.5,287,76,0.83,17.64,242,Hypothyroidism
61,Female,14.2,15.1,232,100,0.72,1.85,196,Infection
46,Female,12.6,5.3,279,96,3.7,2.4,150,Chronic Kidney Disease
27,Male,15.4,9.6,299,162,0.86,1.47,172,Diabetes
64,Female,12.0,17.5,274,96,0.89,2.42,178,Infection
75,Male,9.5,4.7,226,92,3.62,2.26,146,Chronic Kidney Disease
25,Male,14.6,6.7,192,159,1.0,1.62,169,Diabetes
31,Male,14.8,5.0,298,89,0.92,0.01,140,Hyperthyroidism
66,Female,13.7,6.0,216,75,1.08,2.97,275,Hypercholesterolemia
68,Female,13.6,14.9,308,97,1.14,2.16,164,Infection
60,Male,14.2,7.5,274,90,0.81,0.16,147,Hyperthyroidism
62,Female,12.3,19.5,267,73,0.73,1.7,150,Infection
81,Male,14.1,10.6,193,81,1.14,16.79,211,Hypothyroidism
76,Male,14.4,5.7,288,171,0.86,1.71,137,Diabetes
58,Female,11.3,5.1,293,78,5.77,2.92,171,Chronic Kidney Disease
19,Male,12.4,8.2,283,70,0.65,20.16,276,Hypothyroidism
46,Female,15.3,7.8,282,88,0.86,0.04,141,Hyperthyroidism
25,Male,14.5,9.2,290,94,0.92,0.03,165,Hyperthyroidism
45,Male,15.3,6.6,203,94,0.81,2.61,187,Healthy
43,Female,12.3,5.6,332,89,0.73,17.16,228,Hypothyroidism
22,Female,13.8,7.3,344,82,0.78,14.86,232,Hypothyroidism
30,Male,11.8,14.9,341,85,0.72,1.56,166,Infection
74,Female,14.4,8.5,261,90,1.2,0.11,152,Hyperthyroidism
51,Female,17.4,6.9,199,170,0.94,2.36,145,Diabetes
47,Male,12.2,18.6,213,103,0.82,1.56,165,Infection
46,Female,14.1,6.5,263,85,1.11,2.98,157,Healthy
66,Male,14.0,21.8,322,89,0.99,1.42,160,Infection
76,Female,15.9,6.2,279,157,1.08,1.78,171,Diabetes
82,Female,8.1,5.1,149,89,1.09,1.99,158,Anemia
33,Male,14.8,13.2,243,77,0.98,2.0,165,Infection
26,Female,15.4,4.4,343,88,0.99,3.21,293,Hypercholesterolemia
45,Female,16.0,6.3,296,77,1.0,17.51,211,Hypothyroidism
69,Male,14.0,8.1,304,93,0.85,3.12,283,Hypercholesterolemia
68,Female,12.4,18.9,270,94,0.87,2.29,158,Infection
64,Female,15.7,8.6,216,142,0.87,0.59,161,Diabetes
70,Female,14.6,6.3,283,85,0.89,0.09,147,Hyperthyroidism
34,Female,10.7,6.7,280,83,4.14,3.66,178,Chronic Kidney Disease
61,Male,15.4,9.1,353,80,0.58,2.16,165,Healthy
58,Male,14.2,10.2,390,76,0.76,2.0,144,Healthy
30,Male,15.0,6.1,241,89,1.08,0.09,159,Hyperthyroidism
40,Female,14.1,10.0,307,75,0.72,3.51,173,Healthy
65,Male,15.1,5.2,323,102,1.21,3.37,337,Hypercholesterolemia
33,Male,14.4,8.2,220,76,0.82,2.48,166,Healthy
77,Male,17.1,5.3,283,88,1.02,20.63,231,Hypothyroidism
32,Male,16.8,4.1,238,83,0.88,3.2,160,Healthy
60,Female,9.4,9.5,257,82,1.05,2.7,143,Anemia
73,Male,13.6,7.3,247,83,0.96,2.63,277,Hypercholesterolemia
55,Male,14.8,6.5,286,74,0.93,1.31,184,Healthy
84,Male,16.6,5.3,246,83,0.86,0.07,136,Hyperthyroidism
80,Male,10.3,7.5,206,81,4.91,1.5,118,Chronic Kidney Disease
48,Male,10.0,19.6,320,100,0.92,2.26,166,Infection
69,Male,14.3,8.6,339,102,1.15,1.47,351,Hypercholesterolemia
61,Male,14.8,8.5,311,94,0.8,1.75,153,Healthy
79,Male,13.8,8.2,199,80,0.78,2.0,164,Healthy
41,Male,14.7,5.2,329,79,0.84,19.74,184,Hypothyroidism
49,Male,14.6,8.4,253,89,0.98,0.08,156,Hyperthyroidism
37,Male,15.0,4.8,209,100,0.75,20.54,216,Hypothyroidism
57,Male,14.4,5.7,225,82,0.92,1.62,300,Hypercholesterolemia
43,Male,9.8,5.3,320,88,4.59,2.19,157,Chronic Kidney Disease
50,Female,11.1,5.3,289,75,3.27,0.41,156,Chronic Kidney Disease
37,Female,7.7,5.2,220,74,0.71,1.59,143,Anemia
40,Male,9.7,7.2,341,75,5.31,1.47,155,Chronic Kidney Disease
45,Male,14.1,7.9,326,255,0.88,1.22,145,Diabetes
78,Male,13.2,12.3,169,80,0.87,2.85,162,Infection
30,Female,10.6,20.4,265,91,0.87,1.93,160,Infection
20,Female,8.2,5.5,246,96,0.63,2.26,131,Anemia
73,Female,12.6,25.0,325,89,0.8,3.33,166,Infection
62,Male,15.0,7.1,271,76,0.92,2.91,333,Hypercholesterolemia
31,Female,9.4,8.3,281,94,0.95,2.49,166,Anemia
19,Male,15.6,3.9,331,90,0.88,15.54,220,Hypothyroidism
70,Female,16.1,7.5,234,87,0.86,20.44,219,Hypothyroidism
40,Male,10.4,8.6,180,92,2.98,3.32,154,Chronic Kidney Disease
32,Male,14.2,8.5,266,76,1.08,6.7,265,Hypothyroidism
37,Female,15.1,8.4,172,199,0.87,1.99,137,Diabetes
58,Male,13.4,6.9,223,110,0.88,2.27,188,Diabetes
52,Female,12.4,7.6,288,96,6.28,3.01,164,Chronic Kidney Disease
45,Female,13.4,4.0,154,89,0.95,2.73,277,Hypercholesterolemia
68,Female,14.0,6.7,268,74,0.97,17.48,223,Hypothyroidism
64,Male,12.5,20.8,203,89,1.16,2.0,158,Infection
29,Male,13.5,7.8,255,90,0.97,15.85,242,Hypothyroidism
53,Male,12.2,8.8,335,99,1.04,1.29,281,Hypercholesterolemia
65,Male,12.5,6.4,276,226,1.11,2.06,142,Diabetes
26,Male,14.8,7.9,306,98,0.95,1.62,305,Hypercholesterolemia
26,Female,13.3,9.8,315,77,0.86,4.71,334,Hypercholesterolemia
30,Male,12.7,18.1,312,79,1.18,3.24,169,Infection
73,Male,12.2,6.3,248,85,0.87,14.38,218,Hypothyroidism
32,Male,7.9,5.7,187,84,0.75,2.48,171,Anemia
76,Male,14.4,5.0,257,230,0.86,2.57,153,Diabetes
57,Male,16.3,5.8,288,88,0.85,2.36,323,Hypercholesterolemia
80,Male,15.3,6.3,354,74,0.97,0.05,124,Hyperthyroidism
80,Male,10.3,5.1,254,93,5.99,2.35,158,Chronic Kidney Disease
19,Male,14.9,8.1,257,83,0.77,2.29,236,Hypercholesterolemia
18,Female,14.7,7.8,320,80,0.84,1.07,163,Healthy
80,Female,13.9,9.1,254,67,1.08,2.79,147,Healthy
59,Male,13.3,8.5,385,95,1.02,19.43,181,Hypothyroidism
28,Female,8.1,7.7,204,87,0.72,2.86,148,Anemia
64,Female,15.0,4.2,249,196,0.81,1.18,192,Diabetes
83,Male,8.3,6.5,292,81,2.41,2.03,154,Chronic Kidney Disease
68,Male,13.8,8.1,217,74,0.85,0.15,152,Hyperthyroidism
19,Female,12.9,5.4,213,96,0.95,0.05,170,Hyperthyroidism
34,Male,14.8,8.5,288,231,1.07,4.33,185,Diabetes
33,Male,9.8,7.3,244,92,2.72,2.21,152,Chronic Kidney Disease
81,Female,15.0,8.2,235,191,0.89,1.76,149,Diabetes
65,Male,11.3,5.7,334,77,0.84,3.43,265,Hypercholesterolemia
26,Female,13.7,9.2,322,80,0.99,18.78,220,Hypothyroidism
83,Male,8.6,6.2,249,91,0.83,0.6,175,Anemia
38,Female,14.3,5.4,277,78,0.97,20.08,251,Hypothyroidism
75,Male,15.9,7.3,319,78,1.08,3.5,172,Healthy
37,Male,15.0,6.7,384,91,0.93,0.08,164,Hyperthyroidism
74,Male,12.7,7.3,278,90,0.96,2.39,277,Hypercholesterolemia
18,Male,10.7,4.5,233,97,5.58,1.6,170,Chronic Kidney Disease
29,Female,12.7,19.0,248,84,0.87,2.79,169,Infection
63,Female,15.2,6.6,270,82,0.93,3.42,331,Hypercholesterolemia
32,Male,14.4,5.9,319,82,0.99,21.02,210,Hypothyroidism
38,Male,13.9,3.9,324,97,0.88,0.1,176,Hyperthyroidism
62,Male,14.8,7.1,300,76,0.84,0.1,148,Hyperthyroidism
64,Male,15.1,7.8,226,197,1.0,2.24,156,Diabetes
22,Female,14.4,7.4,334,88,0.92,2.48,143,Healthy
42,Female,8.4,6.8,195,80,5.45,3.02,126,Chronic Kidney Disease
20,Male,14.5,8.6,266,98,1.0,0.03,156,Hyperthyroidism
59,Male,14.8,6.9,292,86,0.99,14.37,250,Hypothyroidism
36,Male,9.5,6.7,272,78,1.6,2.31,152,Chronic Kidney Disease
84,Female,11.6,9.4,351,71,0.84,16.82,210,Hypothyroidism
80,Female,13.5,3.6,236,80,0.82,2.47,140,Healthy
35,Female,13.7,5.8,304,88,0.94,0.06,169,Hyperthyroidism
45,Female,17.1,8.1,321,94,0.99,17.3,234,Hypothyroidism
46,Female,10.3,4.3,300,100,0.97,1.94,145,Anemia
31,Male,11.9,15.7,291,96,0.67,1.45,159,Infection
60,Male,14.8,7.4,252,91,0.73,23.69,228,Hypothyroidism
54,Male,15.2,5.9,324,93,0.86,2.91,176,Healthy
78,Male,14.0,8.9,344,65,0.78,13.76,248,Hypothyroidism
37,Female,9.1,11.1,206,92,4.16,2.55,180,Chronic Kidney Disease
52,Male,9.3,5.9,281,85,3.84,1.65,178,Chronic Kidney Disease
77,Female,14.5,3.8,320,83,0.98,1.2,152,Healthy
71,Female,6.9,7.8,285,87,0.83,2.86,182,Anemia
69,Male,14.9,7.3,271,90,0.73,22.83,213,Hypothyroidism
66,Male,14.1,7.8,313,91,0.63,0.06,180,Hyperthyroidism
64,Male,9.3,6.2,274,91,0.75,2.82,149,Anemia
60,Male,15.3,7.8,163,95,1.03,1.31,159,Healthy
36,Female,7.4,4.8,115,105,1.24,2.99,154,Anemia
25,Female,14.3,8.6,264,93,0.95,1.57,141,Healthy
44,Male,8.1,7.3,207,93,0.75,3.49,135,Anemia
36,Female,15.6,7.3,174,98,0.78,0.08,140,Hyperthyroidism
63,Female,16.4,7.8,300,77,0.93,0.06,142,Hyperthyroidism
64,Female,13.7,7.7,258,229,1.01,3.11,159,Diabetes
21,Female,14.8,6.4,333,78,0.61,0.1,146,Hyperthyroidism
20,Male,15.7,6.7,337,212,0.89,2.73,143,Diabetes
72,Female,14.2,11.0,267,81,0.99,2.74,244,Hypercholesterolemia
61,Female,13.0,15.5,272,90,0.77,0.18,159,Infection
77,Female,13.8,4.8,313,84,1.02,2.43,143,Healthy
57,Male,13.9,4.6,312,220,0.98,2.25,158,Diabetes
72,Female,11.6,15.6,254,75,0.95,2.49,138,Infection
30,Male,18.1,9.8,269,77,0.88,9.73,224,Hypothyroidism
43,Female,10.3,6.3,324,92,4.54,2.31,162,Chronic Kidney Disease
76,Female,14.7,5.8,293,91,0.87,2.41,152,Healthy
31,Male,9.1,7.4,238,85,0.61,3.36,178,Anemia
62,Male,9.6,7.5,403,92,5.79,3.97,165,Chronic Kidney Disease
38,Female,15.6,4.1,253,87,0.59,1.24,137,Healthy
26,Female,13.1,7.0,186,79,0.91,2.23,184,Healthy
65,Male,9.9,9.7,330,88,2.96,1.54,153,Chronic Kidney Disease
34,Female,8.2,8.2,243,71,1.19,1.66,110,Anemia
20,Male,17.5,7.5,296,90,0.91,1.98,157,Healthy
66,Female,15.4,6.0,216,140,0.91,1.99,194,Diabetes
23,Male,13.9,17.2,251,64,1.02,1.88,141,Infection
50,Male,13.6,4.0,270,77,0.97,1.8,185,Healthy
43,Male,11.9,19.6,233,89,0.78,2.34,139,Infection
81,Female,16.1,6.4,319,73,1.24,2.52,180,Healthy
38,Female,15.4,8.8,235,89,0.81,0.16,167,Hyperthyroidism
68,Female,12.9,6.6,338,124,0.75,1.91,153,Diabetes
35,Male,13.2,6.4,217,90,0.78,0.03,186,Hyperthyroidism
51,Male,11.4,7.8,232,73,3.16,1.15,162,Chronic Kidney Disease
75,Female,9.4,7.0,199,97,2.85,1.31,173,Chronic Kidney Disease
68,Female,14.8,9.8,320,87,0.84,3.56,280,Hypercholesterolemia
42,Male,14.3,7.2,265,76,0.93,3.23,290,Hypercholesterolemia
31,Male,15.0,6.8,256,92,0.75,2.17,314,Hypercholesterolemia
41,Male,16.6,6.5,381,90,0.83,8.2,206,Hypothyroidism
76,Male,14.2,6.9,297,90,0.88,0.09,154,Hyperthyroidism
71,Female,14.4,5.1,306,79,1.22,23.61,230,Hypothyroidism
31,Female,10.9,5.5,256,84,5.61,2.46,142,Chronic Kidney Disease
60,Male,11.1,7.2,278,250,0.79,2.12,168,Diabetes
71,Male,10.5,3.7,248,86,5.11,3.09,138,Chronic Kidney Disease
31,Male,10.0,6.2,138,73,0.84,3.02,169,Anemia
82,Male,14.3,9.1,235,86,0.98,0.08,145,Hyperthyroidism
57,Female,15.1,6.0,290,162,0.67,1.43,177,Diabetes
40,Male,14.0,6.8,202,86,1.06,2.76,157,Healthy
34,Male,14.6,6.4,167,88,1.05,0.09,165,Hyperthyroidism
69,Female,16.5,7.1,255,190,0.79,3.28,174,Diabetes
20,Male,12.7,6.4,268,85,0.94,0.07,146,Hyperthyroidism
47,Female,15.0,6.9,309,72,0.88,1.79,180,Healthy
41,Female,15.4,8.8,213,81,1.05,1.99,144,Healthy
30,Male,16.2,6.0,255,86,0.88,1.49,280,Hypercholesterolemia
70,Male,12.5,8.1,269,96,0.9,22.61,187,Hypothyroidism
82,Male,16.7,6.1,296,83,0.7,19.84,245,Hypothyroidism
48,Female,9.5,7.1,187,74,0.85,2.59,167,Anemia
45,Female,16.9,8.8,221,77,0.85,3.05,154,Healthy
68,Female,13.3,5.4,303,75,0.68,18.9,237,Hypothyroidism
46,Female,12.8,6.8,222,110,1.07,1.85,149,Diabetes
69,Male,13.6,8.1,234,88,0.85,0.02,168,Hyperthyroidism
32,Male,13.7,6.2,319,77,0.98,7.19,202,Hypothyroidism
64,Female,13.7,3.3,278,86,0.77,0.03,175,Hyperthyroidism
29,Male,15.4,10.3,274,79,0.98,0.01,172,Hyperthyroidism
44,Male,14.0,7.2,301,84,0.84,11.3,260,Hypothyroidism
63,Male,6.3,9.1,268,96,0.86,1.56,145,Anemia
84,Female,11.5,5.5,330,90,5.12,1.26,204,Chronic Kidney Disease
33,Female,13.4,7.1,265,80,0.66,3.82,239,Hypercholesterolemia
18,Female,13.1,7.8,323,71,1.07,0.1,171,Hyperthyroidism
65,Female,13.8,5.2,245,95,0.83,0.08,167,Hyperthyroidism
84,Female,10.3,5.4,312,73,3.32,3.62,167,Chronic Kidney Disease
75,Male,11.0,17.1,177,99,0.89,2.8,179,Infection
18,Male,11.7,7.1,317,98,4.85,1.41,156,Chronic Kidney Disease
21,Male,12.6,13.6,284,89,1.0,1.2,143,Infection
70,Male,13.5,19.6,180,78,1.08,2.12,153,Infection
49,Female,14.2,13.0,312,88,0.87,1.88,161,Infection
78,Male,15.9,5.8,313,236,0.69,2.07,177,Diabetes
50,Female,13.9,8.3,277,84,1.0,22.75,206,Hypothyroidism
51,Male,15.3,3.8,164,89,0.71,2.42,159,Healthy
67,Male,16.4,7.0,324,83,0.82,16.89,198,Hypothyroidism
68,Male,15.2,3.0,283,84,0.96,0.33,162,Healthy
64,Male,8.8,7.6,280,79,0.92,2.37,146,Anemia
75,Male,8.4,8.1,192,90,1.05,3.64,143,Anemia
55,Male,7.7,9.9,275,84,0.95,4.41,166,Anemia
80,Male,13.5,7.4,301,87,1.05,3.19,147,Healthy
84,Male,7.9,7.5,291,83,0.77,2.33,166,Anemia
80,Female,14.4,8.5,231,82,0.97,1.47,138,Healthy
25,Female,15.7,6.6,297,94,0.74,0.11,176,Hyperthyroidism
75,Female,14.9,7.3,318,110,0.75,1.87,147,Diabetes
67,Female,15.6,7.2,281,81,0.92,3.11,245,Hypercholesterolemia
75,Male,7.2,9.0,269,93,0.93,2.47,143,Anemia
37,Female,15.6,5.9,295,93,1.07,12.97,183,Hypothyroidism
43,Female,14.4,9.5,305,168,0.86,1.11,161,Diabetes
23,Female,12.0,11.5,258,96,0.85,1.82,143,Infection
40,Male,14.9,7.4,226,84,0.81,2.78,182,Healthy
53,Female,15.8,4.6,355,84,0.93,2.74,162,Healthy
68,Female,15.2,5.6,285,73,0.97,2.25,182,Healthy
83,Male,12.7,16.9,262,85,0.84,2.04,156,Infection
44,Female,14.4,4.1,223,110,0.93,2.2,176,Diabetes
43,Male,14.8,7.6,209,94,0.9,0.05,164,Hyperthyroidism
67,Male,10.1,5.7,268,81,3.38,2.84,167,Chronic Kidney Disease
29,Male,8.8,7.0,299,93,3.17,1.71,150,Chronic Kidney Disease
70,Male,13.0,13.5,294,68,0.89,2.46,164,Infection
70,Male,14.6,9.8,231,93,0.79,12.62,171,Hypothyroidism
54,Female,9.0,6.6,303,85,0.86,2.51,166,Anemia
45,Male,14.9,3.9,275,203,0.9,2.65,182,Diabetes
60,Male,15.4,8.4,222,92,0.84,0.09,176,Hyperthyroidism
77,Female,9.0,7.0,171,80,0.87,0.75,171,Anemia
69,Female,15.6,6.2,319,241,0.84,3.69,167,Diabetes
66,Female,16.8,9.2,287,93,0.87,0.01,166,Hyperthyroidism
31,Male,13.0,6.5,403,73,0.79,2.88,139,Healthy
28,Male,13.5,8.1,284,101,0.76,2.46,292,Hypercholesterolemia
62,Male,8.9,8.8,216,97,1.01,1.78,164,Anemia
79,Female,12.7,7.1,289,72,0.98,0.6,168,Healthy
22,Male,8.4,6.3,171,84,0.95,1.77,159,Anemia
77,Female,14.3,4.3,238,96,1.21,16.22,182,Hypothyroidism
60,Male,14.8,4.6,290,77,1.03,2.13,153,Healthy
53,Male,10.5,5.1,236,100,3.7,1.65,140,Chronic Kidney Disease
65,Male,16.4,8.7,208,86,0.78,2.25,162,Healthy
63,Male,11.7,20.6,231,79,0.87,2.23,155,Infection
77,Female,13.4,8.6,250,80,0.99,19.65,219,Hypothyroidism
70,Female,14.2,6.1,233,83,0.78,18.91,167,Hypothyroidism
76,Female,13.3,7.2,287,75,0.7,0.13,170,Hyperthyroidism
81,Female,13.3,22.7,176,87,1.03,1.83,166,Infection
62,Female,14.7,6.7,231,78,0.72,17.63,209,Hypothyroidism
39,Male,14.2,6.9,298,94,1.11,0.04,134,Hyperthyroidism
77,Male,15.1,3.9,227,86,0.93,2.28,130,Healthy
32,Male,15.5,7.0,334,86,0.91,20.53,173,Hypothyroidism
37,Male,15.0,6.6,348,103,0.79,0.27,182,Healthy
57,Male,14.1,7.7,265,250,0.88,2.37,136,Diabetes
68,Female,15.0,5.5,257,81,0.7,25.92,228,Hypothyroidism
77,Female,16.6,4.8,252,83,0.96,2.23,163,Healthy
52,Female,13.4,7.2,343,86,0.93,20.99,210,Hypothyroidism
52,Female,14.1,8.1,243,70,0.95,0.1,127,Hyperthyroidism
20,Male,17.0,6.7,287,86,0.97,20.54,206,Hypothyroidism
79,Male,14.3,10.0,156,74,0.77,1.98,161,Healthy
38,Female,13.1,15.9,231,91,0.94,1.15,161,Infection
58,Female,12.6,5.5,224,81,1.0,23.17,211,Hypothyroidism
27,Male,13.9,9.0,242,85,0.72,23.76,245,Hypothyroidism
28,Male,14.6,15.0,249,102,0.94,3.33,152,Infection
27,Male,9.7,6.4,254,83,0.86,1.76,168,Anemia
67,Male,9.7,17.5,315,96,0.95,3.04,154,Infection
69,Female,12.0,10.2,295,78,1.0,0.05,151,Hyperthyroidism
73,Female,15.1,6.8,287,96,0.91,1.56,169,Healthy
81,Male,14.9,9.4,241,91,0.54,2.46,164,Healthy
54,Male,16.3,6.0,302,168,0.93,2.32,152,Diabetes
55,Male,15.3,6.5,312,91,0.99,21.87,266,Hypothyroidism
35,Female,8.2,7.7,209,91,0.94,0.74,140,Anemia
30,Female,15.1,8.1,257,213,1.03,1.82,148,Diabetes
67,Male,13.1,5.6,271,91,0.69,20.12,204,Hypothyroidism
63,Male,14.7,6.4,225,181,0.85,2.51,152,Diabetes
68,Female,14.8,6.7,281,78,0.98,3.09,274,Hypercholesterolemia
19,Female,14.6,10.1,355,86,0.71,11.56,207,Hypothyroidism
65,Male,10.0,7.7,240,88,0.81,2.74,149,Anemia
54,Male,14.2,9.7,276,90,0.83,15.51,237,Hypothyroidism
77,Male,7.3,8.2,283,80,0.81,1.78,172,Anemia
54,Male,14.9,9.7,237,85,0.87,2.85,307,Hypercholesterolemia
77,Male,14.0,4.9,342,89,0.61,1.74,318,Hypercholesterolemia
73,Female,9.6,6.5,351,71,4.46,2.29,192,Chronic Kidney Disease
45,Female,13.2,18.4,275,88,0.74,1.82,135,Infection
35,Male,9.0,4.6,176,82,0.61,2.62,138,Anemia
71,Female,12.5,6.3,275,83,0.78,3.99,161,Healthy
30,Female,17.0,9.3,322,72,1.0,0.06,173,Hyperthyroidism
22,Male,16.0,11.1,230,87,1.02,16.56,238,Hypothyroidism
75,Male,13.8,7.3,276,93,0.88,1.94,168,Healthy
32,Male,13.3,19.2,207,97,1.01,2.91,177,Infection
44,Male,13.7,5.7,336,86,1.01,17.54,232,Hypothyroidism
38,Female,8.6,8.7,228,78,0.87,1.29,177,Anemia
61,Male,8.5,7.1,317,79,0.73,1.73,167,Anemia
66,Male,15.9,8.4,166,65,0.99,1.47,160,Healthy
60,Male,13.1,6.5,309,84,0.89,17.89,255,Hypothyroidism
79,Male,10.3,7.8,319,77,1.66,2.05,161,Chronic Kidney Disease
65,Female,14.1,8.0,281,75,0.8,19.85,246,Hypothyroidism
27,Male,13.7,9.5,268,84,0.42,11.95,210,Hypothyroidism
45,Male,17.9,7.3,352,77,0.54,0.04,149,Hyperthyroidism
25,Female,14.8,8.9,190,88,0.69,0.83,339,Hypercholesterolemia
56,Female,16.7,4.9,277,88,0.74,1.46,245,Hypercholesterolemia
33,Female,7.9,8.1,188,85,1.1,1.13,177,Anemia
72,Male,13.2,8.7,329,220,0.93,2.12,159,Diabetes
56,Female,8.6,8.6,189,93,1.05,0.65,151,Anemia
78,Male,13.1,4.9,349,83,0.75,0.15,163,Hyperthyroidism
43,Female,13.5,5.2,229,74,0.95,0.08,158,Hyperthyroidism
70,Male,15.4,4.2,350,78,0.81,20.5,161,Hypothyroidism
81,Female,15.4,6.7,262,66,0.74,16.33,199,Hypothyroidism
65,Male,14.7,7.1,277,155,0.75,3.01,158,Diabetes
50,Male,14.1,5.9,320,91,1.0,1.35,167,Healthy
32,Female,15.7,1.8,273,76,0.81,0.14,175,Hyperthyroidism
34,Female,15.6,6.4,234,226,1.04,2.42,153,Diabetes
49,Male,14.7,6.0,253,82,1.07,19.41,241,Hypothyroidism
50,Female,11.1,8.6,239,78,2.01,3.38,176,Chronic Kidney Disease
44,Female,12.5,6.1,342,101,1.02,12.51,234,Hypothyroidism
40,Male,9.4,5.7,278,92,1.01,3.29,162,Anemia
26,Male,10.1,5.5,214,104,1.04,2.98,175,Anemia
80,Female,9.6,7.6,180,84,0.99,3.04,168,Anemia
83,Female,7.6,6.7,237,89,1.15,3.13,173,Anemia
47,Male,13.6,6.5,216,61,0.9,3.03,296,Hypercholesterolemia
74,Female,14.7,5.2,238,63,0.7,17.25,243,Hypothyroidism
65,Male,9.8,8.7,284,82,4.99,2.26,155,Chronic Kidney Disease
30,Male,16.8,8.1,376,84,0.78,1.87,278,Hypercholesterolemia
25,Female,10.8,6.8,234,89,0.96,2.68,152,Anemia
32,Female,15.5,5.1,291,179,0.92,2.52,164,Diabetes
32,Female,14.7,6.2,252,86,0.83,1.91,172,Healthy
24,Male,14.9,16.6,367,74,1.16,2.47,158,Infection
40,Female,16.1,6.7,266,90,0.88,2.39,265,Hypercholesterolemia
23,Male,14.7,3.8,216,101,0.95,0.11,154,Hyperthyroidism
59,Male,15.6,7.7,265,189,0.58,2.37,178,Diabetes
37,Female,14.6,9.6,340,96,0.96,3.16,150,Healthy
71,Female,12.6,6.3,263,82,0.88,23.1,194,Hypothyroidism
19,Female,15.7,11.7,253,88,0.97,1.37,160,Healthy
40,Female,10.3,7.6,249,89,3.31,1.49,169,Chronic Kidney Disease
30,Female,13.1,8.1,285,79,0.86,0.1,176,Hyperthyroidism
27,Male,16.3,6.5,330,74,0.86,2.86,287,Hypercholesterolemia
63,Male,15.1,8.6,338,82,1.29,0.1,168,Hyperthyroidism
60,Male,15.1,8.5,282,90,0.61,2.48,278,Hypercholesterolemia
47,Male,15.1,9.0,343,80,1.0,2.71,166,Healthy
70,Female,14.2,5.8,195,87,0.73,22.35,220,Hypothyroidism
55,Male,12.0,7.3,344,80,1.6,1.51,150,Chronic Kidney Disease
59,Male,9.2,9.5,206,83,0.73,2.54,163,Anemia
54,Male,10.2,9.0,244,86,0.88,2.93,145,Healthy
73,Male,12.2,9.0,288,92,3.68,2.78,128,Chronic Kidney Disease
56,Male,6.9,7.3,200,85,0.61,1.18,173,Anemia
28,Female,9.6,6.8,202,89,3.7,2.94,167,Chronic Kidney Disease
51,Female,11.5,17.9,360,83,1.13,2.31,173,Infection
54,Male,13.8,9.9,265,76,0.96,14.75,239,Hypothyroidism
58,Female,13.6,5.2,250,79,0.77,0.15,135,Hyperthyroidism
57,Male,14.9,6.8,219,232,0.74,3.15,177,Diabetes
40,Male,15.7,9.6,292,92,0.75,19.53,199,Hypothyroidism
42,Male,10.7,7.3,233,100,0.82,1.97,175,Anemia
70,Female,15.7,6.7,346,77,0.82,1.82,162,Healthy
35,Male,13.5,10.8,279,102,0.9,2.5,174,Infection
83,Male,7.0,9.4,237,82,0.84,3.65,160,Anemia
42,Female,14.2,4.9,289,93,0.84,0.07,145,Hyperthyroidism
70,Male,14.8,7.0,179,112,0.75,2.26,166,Diabetes
72,Female,15.0,6.7,234,172,0.96,1.55,151,Diabetes
34,Male,13.8,22.8,296,82,0.92,2.53,156,Infection
41,Female,16.1,8.0,236,88,0.92,3.08,153,Healthy
46,Female,6.9,5.7,111,65,0.98,2.59,144,Anemia
79,Male,12.4,8.5,283,76,0.76,1.92,170,Healthy
23,Female,12.2,13.1,348,82,0.86,1.24,176,Infection
59,Female,15.7,8.2,279,183,1.06,1.57,137,Diabetes
75,Female,13.5,22.6,344,83,0.83,0.5,170,Infection
25,Male,10.2,4.2,316,89,0.9,1.69,128,Anemia
63,Female,14.4,8.6,239,158,1.17,2.02,162,Diabetes
83,Male,16.8,7.2,172,99,1.0,0.03,164,Hyperthyroidism
73,Male,9.3,7.1,308,84,3.31,1.17,167,Chronic Kidney Disease
65,Female,14.1,6.9,236,175,1.01,1.44,148,Diabetes
26,Female,13.5,4.9,238,104,1.06,21.92,226,Hypothyroidism
73,Female,12.3,6.2,278,86,2.44,2.34,163,Chronic Kidney Disease
23,Male,13.6,9.8,289,101,0.64,0.1,163,Hyperthyroidism
66,Male,16.0,7.5,183,248,0.93,2.35,168,Diabetes
79,Female,11.8,6.5,322,82,6.8,3.93,173,Chronic Kidney Disease
46,Female,13.2,9.2,303,233,0.97,1.81,183,Diabetes
52,Female,15.1,4.1,412,85,0.85,1.76,290,Hypercholesterolemia
25,Male,13.0,6.8,332,86,0.69,3.7,141,Healthy
82,Male,13.9,7.0,307,158,0.78,3.37,150,Diabetes
80,Female,12.7,17.9,270,82,0.98,1.15,147,Infection
79,Male,11.1,6.7,323,94,4.05,1.12,156,Chronic Kidney Disease
24,Male,13.3,7.2,287,90,1.03,19.35,242,Hypothyroidism
78,Female,14.5,7.6,254,98,0.82,1.86,259,Hypercholesterolemia
76,Male,12.9,6.6,265,81,1.01,19.32,198,Hypothyroidism
79,Female,15.3,8.1,253,88,0.9,3.48,185,Healthy
19,Female,14.4,6.1,232,215,0.76,2.36,147,Diabetes
19,Female,13.1,20.3,260,82,1.14,1.73,142,Infection
80,Male,11.4,19.2,271,90,0.88,3.27,138,Infection
52,Female,12.4,12.2,310,86,0.88,2.69,182,Infection
30,Female,11.4,4.2,279,79,6.95,2.12,149,Chronic Kidney Disease
77,Male,10.7,6.2,295,166,1.01,0.95,151,Diabetes
36,Male,6.6,7.9,139,89,0.93,1.48,158,Anemia
38,Male,13.5,6.5,367,65,1.19,2.37,210,Hypercholesterolemia
58,Female,15.4,9.1,276,83,0.84,0.08,172,Hyperthyroidism
32,Male,15.3,5.8,198,92,0.79,15.22,217,Hypothyroidism
73,Female,14.8,8.5,286,86,0.71,18.63,211,Hypothyroidism
44,Male,16.4,7.4,216,224,1.01,2.99,146,Diabetes
54,Male,12.4,23.8,226,90,1.04,2.9,139,Infection
34,Female,14.6,19.3,207,95,0.76,0.66,163,Infection
56,Male,14.6,6.6,277,78,0.85,2.18,210,Hypercholesterolemia
33,Male,8.2,6.3,285,81,4.21,1.71,154,Chronic Kidney Disease
42,Male,14.1,5.9,279,83,0.96,0.1,174,Hyperthyroidism
55,Female,13.1,6.3,221,76,0.91,2.44,223,Hypercholesterolemia
46,Male,15.0,6.7,293,88,0.85,0.09,157,Hyperthyroidism
58,Female,7.6,8.7,320,93,1.09,2.78,144,Anemia
20,Female,14.1,5.0,213,75,0.65,2.27,165,Healthy
31,Female,15.2,7.9,292,85,1.11,3.28,169,Healthy
41,Female,13.8,6.6,328,87,0.82,1.7,291,Hypercholesterolemia
26,Male,6.8,6.2,158,76,0.87,3.98,144,Anemia
65,Female,16.3,7.2,304,79,0.78,2.96,165,Healthy
79,Female,14.5,7.8,214,81,0.93,2.57,223,Hypercholesterolemia
73,Female,14.2,7.4,312,144,0.97,3.9,192,Diabetes
55,Female,13.2,6.6,380,80,0.82,0.08,162,Hyperthyroidism
24,Male,10.4,7.7,285,91,1.6,1.54,152,Chronic Kidney Disease
81,Male,12.2,7.4,273,248,0.68,1.59,143,Diabetes
66,Male,16.9,7.8,223,202,0.84,3.36,126,Diabetes
78,Male,15.8,6.7,279,98,0.73,3.67,138,Healthy
69,Female,8.2,7.2,195,83,0.74,0.32,165,Anemia
28,Female,11.2,9.4,246,70,3.08,2.88,143,Chronic Kidney Disease
33,Female,9.7,6.2,217,80,0.82,2.56,166,Anemia
34,Female,16.2,7.5,297,92,1.08,0.08,153,Hyperthyroidism
30,Female,10.2,10.4,279,78,3.24,1.95,133,Chronic Kidney Disease
68,Male,13.7,6.4,180,117,0.91,3.33,158,Diabetes
63,Female,8.2,5.7,300,86,5.26,2.77,180,Chronic Kidney Disease
26,Female,13.4,8.1,202,81,1.03,0.01,176,Hyperthyroidism
38,Male,17.5,7.4,256,69,0.66,3.34,214,Hypercholesterolemia
77,Male,13.0,6.4,284,86,0.83,21.97,228,Hypothyroidism
19,Male,9.2,6.8,285,81,2.47,2.23,160,Chronic Kidney Disease
56,Female,14.8,7.8,268,277,1.07,2.58,179,Diabetes
48,Female,12.4,7.1,301,244,0.96,1.68,172,Diabetes
63,Female,13.2,5.5,306,101,0.77,9.82,237,Hypothyroidism
39,Female,11.8,5.0,299,92,0.85,0.2,161,Hyperthyroidism
42,Male,10.1,6.4,309,77,2.88,3.38,170,Chronic Kidney Disease
48,Female,15.9,6.9,249,120,0.61,1.81,162,Diabetes
19,Female,10.7,6.9,284,77,1.91,0.99,152,Chronic Kidney Disease
36,Male,14.9,15.0,226,94,0.79,2.03,160,Infection
47,Male,12.0,9.9,235,89,0.95,3.49,167,Infection
68,Male,17.2,8.8,158,81,1.06,1.35,127,Healthy
82,Female,7.6,6.5,152,89,1.26,2.71,185,Anemia
62,Female,15.5,4.8,285,99,0.59,3.07,290,Hypercholesterolemia
37,Male,13.4,8.7,309,223,0.84,2.59,135,Diabetes
58,Male,13.0,5.0,276,78,0.93,0.06,158,Hyperthyroidism
77,Female,14.6,8.1,293,100,0.95,0.08,159,Hyperthyroidism
29,Female,14.7,4.3,222,167,0.93,3.97,170,Diabetes
26,Male,15.7,17.7,291,79,1.05,3.68,185,Infection
50,Male,14.9,4.4,255,90,0.8,22.34,212,Hypothyroidism
43,Female,14.9,21.5,211,89,0.99,3.26,188,Infection
19,Female,12.7,5.0,306,165,1.14,2.37,167,Diabetes
75,Male,13.7,8.5,319,205,0.99,3.16,194,Diabetes
58,Female,15.1,4.9,300,101,1.1,0.04,151,Hyperthyroidism
27,Female,12.5,19.3,390,94,0.95,0.91,178,Infection
49,Male,15.1,6.8,293,81,1.11,0.86,162,Healthy
50,Female,13.4,6.8,239,84,0.85,2.55,259,Hypercholesterolemia
37,Female,13.0,25.4,191,90,0.88,2.91,151,Infection
68,Female,8.4,5.8,223,84,0.96,2.68,176,Anemia
77,Male,13.9,7.3,222,78,1.07,1.54,279,Hypercholesterolemia
35,Female,16.0,9.1,240,91,1.1,4.7,157,Healthy
18,Female,12.5,6.9,181,82,0.85,2.51,181,Healthy
73,Male,9.4,7.0,322,97,0.8,2.78,187,Anemia
32,Female,14.5,8.6,230,92,0.78,0.03,163,Hyperthyroidism
61,Male,17.3,9.2,273,75,0.86,14.61,211,Hypothyroidism
28,Male,14.1,7.4,327,81,0.95,1.31,243,Hypercholesterolemia
21,Male,7.5,4.0,156,90,0.91,2.25,143,Anemia
18,Female,13.4,7.7,326,193,1.03,3.56,141,Diabetes
55,Female,14.2,8.3,265,104,0.78,0.03,133,Hyperthyroidism
71,Female,16.1,6.0,259,78,0.72,17.43,237,Hypothyroidism
49,Female,7.1,4.6,238,97,0.87,2.06,164,Anemia
23,Male,14.5,5.9,276,85,0.68,21.17,244,Hypothyroidism
76,Female,14.7,7.6,246,120,0.76,0.84,167,Diabetes
71,Female,9.9,8.1,283,85,5.03,0.8,170,Chronic Kidney Disease
58,Female,10.7,18.5,307,90,0.75,1.44,131,Infection
80,Female,13.8,3.9,236,85,0.78,1.73,299,Hypercholesterolemia
41,Female,17.4,7.7,276,91,0.79,0.07,173,Hyperthyroidism
26,Female,12.4,4.5,266,79,5.74,1.23,150,Chronic Kidney Disease
21,Female,16.4,6.2,303,76,0.91,3.01,161,Healthy
43,Female,15.9,3.3,332,82,0.8,0.11,174,Hyperthyroidism
68,Female,17.2,8.8,322,94,0.99,15.05,248,Hypothyroidism
33,Female,13.7,6.8,251,92,0.87,1.79,323,Hypercholesterolemia
77,Male,13.3,23.6,390,77,0.94,3.59,165,Infection
27,Female,10.0,7.0,260,88,3.82,3.74,142,Chronic Kidney Disease
82,Female,10.5,15.4,287,87,0.64,1.56,164,Infection
57,Male,14.7,7.2,277,99,0.9,17.46,222,Hypothyroidism
39,Male,16.5,8.9,317,72,0.85,22.56,209,Hypothyroidism
71,Female,9.9,6.7,236,85,0.81,0.89,151,Anemia
81,Male,8.8,6.4,139,94,1.14,1.45,141,Anemia
22,Female,8.7,9.0,273,77,0.86,0.89,162,Anemia
49,Female,11.3,8.1,281,77,4.97,0.97,133,Chronic Kidney Disease
33,Male,12.2,7.8,295,91,3.43,1.78,152,Chronic Kidney Disease
75,Male,13.9,20.8,297,81,0.86,1.45,156,Infection
29,Female,10.6,4.6,246,101,1.22,3.85,181,Anemia
53,Male,16.7,8.0,242,86,0.88,2.19,145,Healthy
39,Male,7.8,6.8,301,81,0.95,2.96,160,Anemia
18,Male,9.4,5.7,295,78,4.86,3.17,145,Chronic Kidney Disease
29,Male,15.0,8.7,248,92,1.03,1.22,311,Hypercholesterolemia
50,Female,16.5,6.6,383,82,1.17,3.3,148,Healthy
41,Male,13.4,5.3,283,90,0.61,9.13,238,Hypothyroidism
68,Male,10.5,25.6,326,83,0.91,2.69,167,Infection
51,Female,10.8,6.5,323,90,2.72,1.3,188,Chronic Kidney Disease
19,Male,15.5,9.0,299,73,0.85,2.79,188,Healthy
52,Male,13.6,7.9,288,75,0.73,0.09,148,Hyperthyroidism
43,Female,16.1,6.2,317,95,1.11,3.37,164,Healthy
78,Male,14.8,12.1,285,95,1.08,2.99,160,Infection
55,Female,15.8,7.9,287,179,0.73,2.65,161,Diabetes
33,Female,13.9,8.2,262,146,0.8,1.54,151,Diabetes
62,Male,14.7,7.1,360,93,0.73,3.13,246,Hypercholesterolemia
63,Male,16.8,7.2,249,83,0.74,0.32,308,Hypercholesterolemia
60,Male,15.9,8.1,301,89,1.01,1.6,228,Hypercholesterolemia
24,Female,9.3,8.1,302,94,5.07,2.23,151,Chronic Kidney Disease
59,Female,14.2,6.7,306,72,0.91,0.07,181,Hyperthyroidism
19,Female,15.5,3.1,300,81,0.94,0.1,156,Hyperthyroidism
51,Male,11.8,8.2,356,71,3.93,2.83,148,Chronic Kidney Disease
53,Male,12.7,18.0,429,82,0.97,1.66,179,Infection
52,Male,14.4,7.7,250,85,0.8,11.04,239,Hypothyroidism
36,Male,15.5,19.9,297,82,0.86,2.61,143,Infection
53,Male,9.5,6.0,156,84,0.96,4.08,155,Anemia
84,Female,14.5,6.3,237,84,0.82,0.04,180,Hyperthyroidism
73,Male,10.9,1.5,203,77,1.66,2.4,151,Chronic Kidney Disease
79,Male,16.2,6.4,341,76,1.1,3.26,156,Healthy
74,Female,10.7,8.8,212,73,0.91,2.31,165,Anemia
40,Female,15.5,8.1,236,260,0.61,3.21,144,Diabetes
48,Male,12.6,17.5,273,98,0.65,2.82,150,Infection
36,Female,16.8,6.8,263,85,0.76,2.65,284,Hypercholesterolemia
49,Female,14.8,5.0,353,84,1.17,2.1,248,Hypercholesterolemia
65,Female,10.8,6.2,336,82,1.85,2.02,163,Chronic Kidney Disease
21,Male,9.9,5.8,241,89,3.02,2.71,155,Chronic Kidney Disease
29,Male,14.4,7.9,225,97,1.33,12.92,187,Hypothyroidism
64,Female,13.2,8.4,264,74,0.77,2.48,141,Healthy
31,Female,13.2,6.6,325,90,0.68,1.07,288,Hypercholesterolemia
33,Male,15.7,9.5,270,242,0.95,2.43,181,Diabetes
41,Female,11.6,8.4,248,88,5.59,2.74,165,Chronic Kidney Disease
48,Male,8.1,11.1,246,86,0.94,2.84,140,Anemia
18,Male,13.6,9.0,310,75,0.93,0.06,179,Hyperthyroidism
77,Male,13.6,7.3,338,92,1.03,0.06,154,Hyperthyroidism
36,Female,12.8,6.0,237,85,1.09,0.02,149,Hyperthyroidism
57,Female,12.8,7.9,226,79,0.88,0.13,162,Hyperthyroidism
71,Male,13.0,8.1,287,110,0.79,1.11,152,Diabetes
58,Male,13.8,7.0,227,90,0.94,0.29,228,Hypercholesterolemia
42,Male,13.2,12.8,332,67,1.14,2.71,164,Infection
23,Female,10.1,8.1,235,90,3.38,0.99,155,Chronic Kidney Disease
58,Male,13.0,5.8,288,71,1.13,15.33,210,Hypothyroidism
37,Male,11.2,21.6,370,73,0.66,1.76,147,Infection
71,Female,15.2,17.3,382,92,0.95,3.19,169,Infection
80,Female,14.0,7.4,297,77,1.0,2.82,210,Hypercholesterolemia
67,Female,12.3,29.2,234,87,0.88,1.06,151,Infection
49,Male,11.7,5.6,220,85,3.62,1.32,153,Chronic Kidney Disease
76,Female,15.5,4.2,200,97,1.19,3.04,188,Healthy
65,Female,13.4,9.0,332,88,1.06,2.04,210,Hypercholesterolemia
55,Male,8.3,5.2,280,98,1.0,2.0,182,Anemia
58,Male,17.7,7.0,314,223,0.75,2.68,173,Diabetes
77,Male,9.7,6.5,156,85,0.95,1.98,143,Anemia
66,Female,13.7,6.6,132,256,1.03,0.95,160,Diabetes
80,Male,11.1,18.2,311,89,0.97,2.05,144,Infection
38,Female,11.9,7.3,203,90,1.11,2.33,198,Anemia
70,Female,6.3,6.7,126,95,0.77,1.62,176,Anemia
73,Male,13.2,7.5,352,223,0.8,1.83,173,Diabetes
40,Female,14.2,16.9,317,88,0.95,1.74,149,Infection
53,Female,7.8,6.3,236,86,0.98,1.63,176,Anemia
62,Male,7.7,5.8,212,81,0.69,2.63,151,Anemia
46,Male,15.4,6.1,293,87,0.78,0.14,176,Hyperthyroidism
44,Male,10.8,7.3,262,82,3.48,1.24,164,Chronic Kidney Disease
45,Female,12.7,18.4,271,80,0.85,2.53,134,Infection
49,Female,14.1,5.8,236,89,0.84,12.8,161,Hypothyroidism
42,Male,16.0,6.2,338,266,0.79,1.4,186,Diabetes
30,Female,14.5,7.9,217,68,1.06,1.61,237,Hypercholesterolemia
49,Male,14.2,7.5,247,82,0.99,1.94,142,Healthy
29,Female,9.3,3.9,244,79,0.84,2.33,186,Anemia
81,Female,14.5,6.4,234,91,0.92,3.44,262,Hypercholesterolemia
27,Female,14.2,7.6,339,83,0.79,21.19,225,Hypothyroidism
61,Female,13.3,16.0,324,81,0.64,3.02,148,Infection
79,Female,10.9,5.4,294,81,4.0,1.85,174,Chronic Kidney Disease
69,Female,14.1,24.7,334,94,0.73,1.85,156,Infection
83,Female,14.5,6.6,245,93,0.95,-0.06,129,Healthy
44,Male,8.7,9.6,319,80,0.88,4.32,162,Anemia
54,Male,13.7,4.9,204,67,0.63,2.16,329,Hypercholesterolemia
83,Female,14.3,8.4,283,75,1.01,2.52,308,Hypercholesterolemia
71,Female,15.4,6.4,304,93,0.56,2.63,251,Hypercholesterolemia
37,Male,9.0,5.7,206,82,0.94,2.29,156,Anemia
18,Male,15.3,5.2,214,83,0.69,1.34,164,Healthy
84,Female,17.6,3.5,321,77,0.89,2.19,170,Healthy
52,Male,13.9,8.1,295,89,0.81,1.85,166,Healthy
55,Male,10.7,11.8,319,76,0.8,2.89,140,Infection
83,Male,12.5,17.3,310,85,1.11,0.97,167,Infection
81,Female,15.4,20.3,266,88,0.7,3.17,168,Infection
81,Female,16.4,7.1,244,181,0.61,4.37,143,Diabetes
23,Female,14.9,4.0,257,204,0.9,2.3,161,Diabetes
41,Female,13.8,6.6,361,73,0.8,2.06,150,Healthy
64,Male,10.5,6.5,260,78,5.15,2.07,186,Chronic Kidney Disease
29,Male,14.9,8.8,338,80,1.01,0.07,151,Hyperthyroidism
24,Female,14.6,9.1,329,81,1.01,0.09,152,Hyperthyroidism
39,Male,12.1,15.8,274,93,0.87,3.68,173,Infection
67,Female,12.9,18.5,252,82,0.93,1.86,170,Infection
84,Male,7.6,5.8,171,82,0.88,1.97,142,Anemia
56,Male,9.3,8.8,307,91,3.31,1.74,145,Chronic Kidney Disease
35,Female,12.8,5.8,287,78,1.01,0.01,168,Hyperthyroidism
24,Female,13.4,5.1,370,93,0.93,0.06,177,Hyperthyroidism
32,Female,15.9,8.7,271,93,0.83,8.52,218,Hypothyroidism
45,Male,14.1,6.9,271,206,0.85,1.61,178,Diabetes
66,Female,7.3,6.5,154,94,0.97,2.69,167,Anemia
19,Male,16.5,5.7,314,89,0.95,2.05,166,Healthy
49,Female,13.3,16.5,316,79,0.82,0.95,154,Infection
65,Female,13.2,9.1,352,75,0.7,18.5,224,Hypothyroidism
35,Female,11.5,8.0,285,94,2.5,2.68,155,Chronic Kidney Disease
18,Female,15.2,22.9,363,81,0.95,1.4,159,Infection
41,Male,14.2,18.5,253,88,0.83,1.86,168,Infection
84,Female,14.5,4.5,243,155,0.97,1.87,178,Diabetes
40,Male,13.6,9.1,254,92,0.8,0.06,167,Hyperthyroidism
45,Female,15.2,6.8,296,94,0.86,7.31,219,Hypothyroidism
69,Male,11.2,11.5,327,103,0.96,2.17,163,Infection
49,Female,9.4,7.0,226,79,0.97,2.8,155,Anemia
60,Male,14.1,6.6,224,81,0.82,0.12,156,Hyperthyroidism
49,Male,14.0,6.6,191,77,1.09,0.02,168,Hyperthyroidism
76,Male,16.9,3.2,293,81,0.93,1.88,116,Healthy
70,Female,7.9,9.8,243,82,0.67,2.04,171,Anemia
35,Male,13.2,7.0,319,74,1.02,1.01,154,Healthy
79,Male,13.0,7.2,220,84,0.9,1.3,286,Hypercholesterolemia
39,Female,8.4,9.4,355,79,0.95,1.54,162,Anemia
75,Female,14.1,8.0,268,83,1.06,0.04,171,Hyperthyroidism
32,Female,13.9,22.8,332,78,0.87,2.45,180,Infection
63,Male,9.8,8.9,300,76,4.1,0.91,170,Chronic Kidney Disease
79,Male,15.3,8.9,282,85,0.87,11.72,232,Hypothyroidism
70,Male,8.0,6.4,232,90,0.93,2.03,140,Anemia
71,Female,12.1,7.0,202,95,3.93,0.17,136,Chronic Kidney Disease
43,Female,14.7,8.4,336,82,1.12,2.52,293,Hypercholesterolemia
36,Male,12.0,9.1,284,94,1.07,3.07,153,Healthy
84,Male,14.2,19.9,301,80,0.83,0.98,168,Infection
31,Male,13.0,8.2,232,150,1.08,3.53,155,Diabetes
83,Female,16.0,9.0,235,95,0.87,0.04,168,Hyperthyroidism
19,Male,11.7,6.1,254,89,0.78,2.55,129,Healthy
42,Female,10.4,8.0,260,100,2.99,1.58,157,Chronic Kidney Disease
39,Female,9.5,7.7,147,70,1.1,2.16,191,Anemia
67,Female,14.7,5.2,298,82,1.2,2.83,232,Hypercholesterolemia
60,Male,15.1,8.0,211,219,0.71,2.62,157,Diabetes
29,Male,9.9,7.4,173,81,0.78,2.33,154,Anemia
48,Female,14.8,8.5,233,83,0.87,2.82,303,Hypercholesterolemia
39,Female,12.1,7.5,211,93,6.56,1.49,154,Chronic Kidney Disease
23,Female,7.7,7.7,370,94,3.19,2.18,160,Chronic Kidney Disease
78,Male,15.0,7.3,250,84,1.03,16.24,241,Hypothyroidism
61,Male,13.3,5.2,220,78,0.78,2.14,168,Healthy
59,Female,14.8,9.5,241,71,0.94,2.61,256,Hypercholesterolemia
79,Male,14.9,6.0,288,83,0.81,15.3,206,Hypothyroidism
39,Female,12.6,15.4,324,91,0.85,2.0,151,Infection
34,Male,14.6,5.2,253,81,0.9,2.67,233,Hypercholesterolemia
59,Female,13.1,8.3,327,101,0.99,1.97,161,Healthy
84,Male,15.1,9.0,292,139,0.85,2.28,182,Diabetes
54,Female,13.4,18.4,208,85,0.87,1.54,162,Infection
62,Female,8.6,8.0,217,96,1.02,3.43,165,Anemia
68,Male,7.8,5.2,201,86,0.93,2.11,162,Anemia
69,Female,17.2,4.4,244,84,0.73,1.51,180,Healthy
49,Male,14.9,8.1,278,93,0.86,2.73,156,Healthy
52,Female,14.0,3.7,256,75,0.87,0.12,146,Hyperthyroidism
65,Male,16.2,8.1,258,86,1.05,1.06,272,Hypercholesterolemia
67,Female,14.8,17.5,270,82,0.99,3.53,164,Infection
47,Female,16.5,5.1,255,96,0.77,1.87,307,Hypercholesterolemia
33,Female,12.2,9.9,180,81,0.92,3.55,272,Hypercholesterolemia
83,Male,14.2,10.3,242,83,1.0,0.17,152,Hyperthyroidism
39,Male,10.7,15.8,342,86,0.94,1.88,166,Infection
60,Male,13.9,6.2,363,92,0.54,0.05,177,Hyperthyroidism
79,Male,14.4,9.5,265,88,0.79,19.06,273,Hypothyroidism
79,Male,15.5,9.0,251,134,0.74,2.2,173,Diabetes
75,Male,14.8,4.0,299,96,0.63,0.63,152,Healthy
75,Female,13.6,7.0,325,79,1.01,1.88,219,Hypercholesterolemia
33,Female,9.2,7.4,242,80,1.03,1.4,170,Anemia
48,Male,8.2,7.5,225,91,0.8,1.48,160,Anemia
53,Male,14.1,6.8,286,94,0.73,4.57,285,Hypercholesterolemia
53,Male,13.9,8.1,243,77,1.06,2.69,263,Hypercholesterolemia
19,Male,11.7,7.9,203,85,3.83,1.61,156,Chronic Kidney Disease
55,Male,12.9,10.6,260,86,1.03,1.77,156,Infection
82,Female,14.5,5.9,403,82,1.07,0.14,171,Hyperthyroidism
18,Male,11.9,16.0,183,88,0.92,2.63,169,Infection
24,Male,14.9,10.6,331,82,1.16,2.41,144,Healthy
52,Male,13.8,8.3,263,80,0.97,17.92,234,Hypothyroidism
35,Female,9.8,8.9,325,80,5.16,2.2,169,Chronic Kidney Disease
23,Female,13.1,5.9,241,81,0.86,0.05,153,Hyperthyroidism
25,Male,15.2,6.4,299,78,0.84,0.98,294,Hypercholesterolemia
53,Female,15.1,8.3,355,89,0.9,0.09,152,Hyperthyroidism
58,Female,14.2,6.1,317,97,0.78,13.96,258,Hypothyroidism
50,Male,9.8,9.4,326,73,6.27,1.7,151,Chronic Kidney Disease
18,Female,12.0,11.5,250,72,0.96,1.01,190,Infection
53,Male,6.2,7.2,166,91,0.67,2.88,199,Anemia
61,Male,10.7,14.2,242,86,0.87,2.17,170,Infection
62,Female,16.7,6.6,308,74,0.82,1.74,271,Hypercholesterolemia
40,Male,9.0,9.7,143,81,0.99,2.89,164,Anemia
71,Male,16.0,6.4,270,95,0.74,3.35,253,Hypercholesterolemia
66,Male,16.0,5.1,263,177,1.17,2.12,140,Diabetes
75,Male,14.3,8.9,277,178,1.01,2.72,175,Diabetes
26,Male,13.9,6.7,324,198,1.18,3.05,141,Diabetes
39,Male,16.7,8.2,329,73,0.76,1.29,313,Hypercholesterolemia
29,Female,10.1,8.2,313,80,2.99,2.32,180,Chronic Kidney Disease
66,Female,15.4,6.1,225,91,0.92,2.56,327,Hypercholesterolemia
48,Female,14.4,4.7,301,145,1.1,2.79,131,Diabetes
20,Female,13.5,7.6,367,70,0.99,2.11,237,Hypercholesterolemia
38,Female,8.8,11.2,241,85,2.55,2.46,155,Chronic Kidney Disease
70,Female,11.8,8.0,274,89,0.76,0.04,132,Healthy
24,Female,11.2,3.4,306,81,1.81,1.23,172,Chronic Kidney Disease
54,Male,12.4,22.0,206,69,0.93,2.76,101,Infection
44,Male,14.8,9.3,233,91,0.93,2.1,287,Hypercholesterolemia
35,Male,12.2,16.4,259,94,1.18,1.97,155,Infection
67,Male,14.4,7.9,208,77,1.05,24.38,227,Hypothyroidism
34,Female,16.2,7.8,251,82,1.14,12.62,198,Hypothyroidism
33,Male,15.2,7.7,326,93,0.82,19.28,223,Hypothyroidism
20,Female,15.1,10.0,212,77,0.8,1.42,162,Healthy
57,Male,14.9,7.2,309,110,1.11,1.56,271,Hypercholesterolemia
63,Male,13.5,8.6,295,79,1.09,0.08,163,Hyperthyroidism
63,Male,16.8,9.4,289,80,1.24,2.71,153,Healthy
26,Male,14.7,6.0,248,78,0.93,2.7,172,Healthy
45,Female,14.0,5.8,314,171,0.87,4.32,158,Diabetes
83,Male,15.1,5.4,279,136,1.16,2.02,182,Diabetes
83,Male,9.0,6.7,372,77,6.13,2.52,159,Chronic Kidney Disease
57,Female,5.6,8.8,203,93,0.75,0.35,160,Anemia
62,Male,8.3,10.1,215,76,0.79,2.53,162,Anemia
58,Male,10.6,4.5,301,75,2.89,1.06,157,Chronic Kidney Disease
33,Female,13.5,8.2,367,83,0.72,13.79,229,Hypothyroidism
27,Male,17.9,7.4,233,87,0.86,8.57,235,Hypothyroidism
23,Female,6.8,8.7,273,90,0.93,1.93,154,Anemia
73,Female,14.3,6.2,270,190,0.97,4.17,153,Diabetes
38,Female,15.0,7.7,207,86,0.95,0.1,180,Hyperthyroidism
36,Female,9.5,7.8,370,80,4.95,1.55,197,Chronic Kidney Disease
55,Female,17.6,5.3,313,71,1.09,11.11,208,Hypothyroidism
82,Male,15.5,8.5,247,88,1.04,1.38,246,Hypercholesterolemia
65,Male,7.5,5.9,258,80,0.77,2.02,164,Anemia
51,Female,14.4,6.4,303,90,0.89,0.03,157,Hyperthyroidism
62,Male,16.5,7.2,315,217,0.93,3.03,166,Diabetes
35,Female,14.7,7.2,269,87,0.92,16.62,235,Hypothyroidism
59,Male,13.7,16.1,285,71,0.75,1.32,156,Infection
40,Female,14.9,7.9,245,84,0.95,2.66,290,Hypercholesterolemia
51,Female,9.1,9.2,164,74,1.14,1.67,152,Anemia
32,Male,13.9,6.1,284,90,0.88,0.06,162,Hyperthyroidism
73,Male,14.6,8.9,294,90,0.75,2.83,246,Hypercholesterolemia
54,Male,9.7,6.3,284,84,4.16,2.17,155,Chronic Kidney Disease
50,Female,14.6,7.9,328,79,0.98,1.66,151,Healthy
42,Male,8.7,8.2,319,97,6.25,2.21,174,Chronic Kidney Disease
53,Female,14.7,8.6,276,247,1.0,1.57,186,Diabetes
36,Male,12.7,9.0,290,74,0.92,20.17,206,Hypothyroidism
26,Male,15.0,6.4,300,81,0.82,23.41,202,Hypothyroidism
28,Male,14.9,7.6,261,85,0.93,0.08,157,Hyperthyroidism
35,Male,9.4,6.4,337,81,6.87,1.38,155,Chronic Kidney Disease
33,Male,6.4,8.2,162,83,0.88,2.79,166,Anemia
67,Female,13.9,7.9,399,103,0.73,0.07,154,Hyperthyroidism
79,Female,14.3,6.6,315,70,1.19,0.04,155,Hyperthyroidism
66,Male,14.6,5.6,331,89,1.06,0.32,278,Hypercholesterolemia
81,Male,10.9,7.9,314,92,0.85,10.46,197,Hypothyroidism
81,Male,9.2,8.3,220,88,1.09,3.93,165,Anemia
54,Male,10.8,5.3,332,106,2.61,3.1,159,Chronic Kidney Disease
61,Female,9.6,5.6,285,83,5.05,3.58,140,Chronic Kidney Disease
75,Female,14.2,8.7,252,81,1.07,3.38,156,Healthy
28,Male,10.1,8.6,308,90,2.93,2.54,148,Chronic Kidney Disease
38,Male,13.5,6.4,233,83,0.98,20.04,228,Hypothyroidism
32,Female,14.5,5.5,242,178,0.8,1.56,182,Diabetes
30,Male,14.3,7.5,352,85,1.01,0.12,158,Hyperthyroidism
23,Male,13.2,5.8,238,92,0.72,1.47,343,Hypercholesterolemia
34,Male,10.3,9.4,224,75,1.03,3.0,151,Anemia
57,Female,9.7,10.3,268,94,5.02,2.08,166,Chronic Kidney Disease
37,Male,15.0,5.7,385,72,1.03,0.12,166,Hyperthyroidism
74,Female,16.1,9.4,243,101,0.99,3.36,156,Healthy
77,Male,13.0,6.9,313,135,0.85,2.13,175,Diabetes
41,Female,8.6,7.4,271,82,0.92,2.15,144,Anemia
68,Female,14.6,8.1,306,91,1.17,14.13,167,Hypothyroidism
47,Male,16.9,6.4,259,87,0.69,17.54,194,Hypothyroidism
29,Female,13.4,8.5,171,91,1.02,2.03,146,Healthy
46,Female,13.5,8.0,290,79,0.92,0.02,156,Hyperthyroidism
62,Female,15.7,7.9,261,89,1.2,1.59,156,Healthy
30,Female,11.8,20.3,245,90,0.84,0.84,181,Infection
35,Male,8.4,5.7,297,78,1.14,2.86,145,Anemia
79,Female,13.6,7.2,218,80,0.77,2.63,160,Healthy
65,Female,13.7,7.8,251,91,0.92,1.69,150,Healthy
61,Male,10.2,20.6,252,71,0.99,1.68,163,Infection
45,Male,12.4,6.9,222,89,0.99,0.04,160,Hyperthyroidism
46,Male,15.7,6.7,354,168,0.85,2.36,160,Diabetes
79,Male,10.4,6.2,293,68,4.4,2.33,163,Chronic Kidney Disease
59,Female,10.3,5.9,371,72,3.7,2.36,179,Chronic Kidney Disease
48,Female,15.5,6.0,325,81,1.02,3.51,380,Hypercholesterolemia
42,Male,11.9,8.1,309,100,1.6,1.04,134,Chronic Kidney Disease
67,Male,14.2,5.7,309,78,0.85,3.62,258,Hypercholesterolemia
24,Female,15.1,6.9,294,189,0.66,2.24,165,Diabetes
21,Male,11.8,5.0,238,75,6.18,3.44,151,Chronic Kidney Disease
69,Male,13.7,6.1,211,85,0.83,0.11,172,Hyperthyroidism
32,Male,11.5,8.9,297,98,6.08,2.64,163,Chronic Kidney Disease
84,Male,14.3,18.0,242,84,0.64,2.53,146,Infection
64,Female,8.0,8.0,257,91,2.0,2.4,164,Chronic Kidney Disease
26,Female,15.9,10.1,362,68,1.07,0.1,136,Hyperthyroidism
76,Female,8.8,8.0,178,84,1.04,1.89,178,Anemia
32,Female,14.2,7.2,288,89,1.13,2.77,143,Healthy
74,Male,13.7,7.4,232,79,0.91,21.12,199,Hypothyroidism
36,Female,6.7,7.1,103,83,0.75,0.7,184,Anemia
64,Male,10.1,6.0,312,84,5.59,2.03,168,Chronic Kidney Disease
74,Male,15.1,7.1,215,272,0.88,2.85,159,Diabetes
32,Female,12.8,7.9,310,86,1.11,2.91,256,Hypercholesterolemia
61,Male,13.6,7.1,202,78,0.79,0.07,161,Hyperthyroidism
58,Male,12.1,6.2,133,85,2.66,2.05,160,Chronic Kidney Disease
36,Male,11.4,6.4,281,82,2.96,1.53,176,Chronic Kidney Disease
18,Female,15.2,5.3,321,209,1.03,3.19,183,Diabetes
31,Male,16.2,5.3,306,71,0.9,2.3,242,Hypercholesterolemia
36,Female,11.1,9.3,202,82,5.72,1.21,131,Chronic Kidney Disease
53,Female,14.8,7.0,298,67,0.74,19.46,238,Hypothyroidism
57,Male,9.2,7.9,170,85,1.09,3.45,151,Anemia
75,Male,9.4,7.3,71,78,0.66,2.47,160,Anemia
40,Male,14.2,5.2,339,201,1.04,2.27,155,Diabetes
25,Female,14.7,4.7,248,88,1.07,1.56,171,Healthy
49,Male,5.5,7.1,105,86,0.97,2.99,150,Anemia
49,Female,16.8,4.7,192,151,1.02,2.32,155,Diabetes
27,Female,16.0,8.5,266,277,0.69,1.69,126,Diabetes
43,Male,8.5,6.4,271,85,0.86,2.6,174,Anemia
51,Female,15.3,7.0,287,214,0.89,3.0,117,Diabetes
83,Female,10.5,9.3,224,78,2.16,2.53,170,Chronic Kidney Disease
57,Female,14.6,16.8,287,73,0.9,1.47,162,Infection
37,Female,13.7,8.9,320,93,0.76,2.37,321,Hypercholesterolemia
19,Male,13.5,9.3,330,88,1.16,1.47,268,Hypercholesterolemia
40,Male,14.6,7.1,281,136,0.95,2.65,173,Diabetes
18,Male,12.9,8.1,206,234,0.94,1.72,181,Diabetes
30,Female,14.2,4.5,325,210,1.09,1.62,136,Diabetes
19,Male,15.2,6.4,254,89,1.02,15.35,175,Hypothyroidism
23,Female,14.6,7.3,290,183,1.02,1.53,146,Diabetes
18,Male,13.7,8.3,287,81,0.92,11.28,259,Hypothyroidism
65,Female,9.3,5.8,217,79,3.72,2.77,150,Chronic Kidney Disease
42,Male,10.6,5.7,264,89,3.44,1.12,152,Chronic Kidney Disease
55,Female,14.6,7.0,343,263,0.82,3.31,146,Diabetes
78,Male,17.1,7.4,358,81,0.85,2.89,210,Hypercholesterolemia
20,Female,15.8,8.2,334,95,0.84,1.45,270,Hypercholesterolemia
36,Male,11.9,5.3,233,89,4.73,2.03,166,Chronic Kidney Disease
27,Male,13.4,24.2,297,78,1.04,2.37,159,Infection
39,Male,13.2,12.7,300,100,0.63,3.14,167,Infection
21,Male,14.4,6.4,306,92,0.69,2.88,236,Hypercholesterolemia
62,Male,9.1,7.5,254,65,4.19,2.14,160,Chronic Kidney Disease
62,Female,14.5,9.5,312,90,1.2,0.07,145,Hyperthyroidism
48,Male,16.6,7.8,179,73,0.88,2.37,267,Hypercholesterolemia
19,Female,16.2,5.4,194,84,0.95,2.56,220,Hypercholesterolemia
48,Female,11.7,8.8,295,99,4.09,2.97,156,Chronic Kidney Disease
74,Male,11.3,8.4,324,76,4.48,1.77,158,Chronic Kidney Disease
47,Female,16.4,7.2,247,176,0.92,1.66,146,Diabetes
54,Female,13.6,9.8,286,79,0.61,0.1,159,Hyperthyroidism
24,Male,15.0,20.7,157,69,0.9,2.25,180,Infection
76,Female,10.1,4.8,127,90,0.84,1.89,158,Anemia
44,Female,8.8,9.9,285,92,6.12,2.89,181,Chronic Kidney Disease
69,Female,13.0,6.7,272,73,1.11,2.52,346,Hypercholesterolemia
28,Male,14.5,7.4,327,88,0.84,2.63,260,Hypercholesterolemia
22,Male,12.6,7.9,255,82,0.85,0.09,124,Hyperthyroidism
82,Female,11.3,8.2,263,84,5.46,1.56,159,Chronic Kidney Disease
29,Female,13.9,9.0,246,79,0.74,17.29,246,Hypothyroidism
52,Male,15.5,7.2,202,67,1.13,2.82,176,Healthy
34,Female,11.7,14.7,331,78,1.11,2.04,192,Infection
36,Female,7.9,6.7,227,82,1.12,1.71,173,Anemia
31,Female,13.8,6.3,171,83,1.03,1.14,274,Hypercholesterolemia
68,Female,12.2,14.8,356,89,0.85,2.63,183,Infection
76,Male,14.8,4.0,330,219,0.87,2.52,171,Diabetes
49,Male,15.4,6.6,232,97,0.93,18.67,243,Hypothyroidism
51,Male,11.7,17.8,301,92,1.01,3.47,170,Infection
71,Male,13.0,8.3,367,91,1.03,1.83,163,Healthy
62,Female,8.4,7.1,291,83,1.23,2.66,158,Anemia
58,Female,13.8,8.1,195,88,0.59,2.87,286,Hypercholesterolemia
47,Female,13.4,11.7,282,94,0.99,3.03,148,Infection
40,Female,10.1,7.6,303,79,1.25,3.2,155,Anemia
21,Female,13.8,5.7,212,79,0.85,0.43,239,Hypercholesterolemia
23,Female,15.4,6.3,307,87,0.81,2.11,307,Hypercholesterolemia
33,Female,12.9,6.5,409,86,0.73,0.71,151,Infection
77,Male,14.7,9.1,356,95,0.82,1.89,268,Hypercholesterolemia
32,Female,15.3,8.5,317,110,1.02,2.26,155,Diabetes
34,Male,15.9,8.4,328,88,0.9,0.43,210,Hypercholesterolemia
60,Female,13.3,15.9,223,75,0.91,2.71,155,Infection
19,Male,9.6,9.8,251,87,4.23,2.81,163,Chronic Kidney Disease
23,Male,15.8,7.0,272,78,0.75,1.27,222,Hypercholesterolemia
19,Male,14.5,7.5,263,88,1.1,21.3,220,Hypothyroidism
81,Female,14.6,8.6,324,79,0.68,-0.05,292,Hypercholesterolemia
63,Male,16.6,7.3,325,86,1.08,21.78,243,Hypothyroidism
71,Female,10.9,11.5,268,80,0.91,1.31,175,Infection
67,Female,10.7,5.3,293,80,1.6,2.42,167,Chronic Kidney Disease
39,Male,15.8,6.7,299,86,0.8,0.08,164,Hyperthyroidism
47,Female,8.8,7.0,227,75,0.82,2.04,153,Anemia
19,Female,11.5,17.8,255,75,0.86,1.48,177,Infection
66,Female,9.1,7.9,406,82,2.21,2.57,166,Chronic Kidney Disease
26,Female,13.8,5.3,300,97,0.94,0.73,169,Healthy
21,Male,16.1,8.4,296,85,0.89,16.69,243,Hypothyroidism
18,Female,13.9,6.5,228,104,1.19,15.78,249,Hypothyroidism
28,Male,15.4,7.6,288,85,0.91,0.09,178,Hyperthyroidism
67,Female,10.6,7.2,295,77,3.41,1.51,141,Chronic Kidney Disease
25,Female,9.4,5.6,238,81,0.95,1.91,130,Anemia
45,Female,16.6,9.4,250,80,1.06,0.09,169,Hyperthyroidism
28,Female,7.5,6.1,159,92,1.19,1.82,145,Anemia
31,Female,11.5,4.3,321,100,8.06,3.36,186,Chronic Kidney Disease
60,Male,9.9,11.0,197,76,0.8,3.04,143,Anemia
72,Male,15.2,4.5,290,88,0.83,1.42,264,Hypercholesterolemia
30,Male,11.6,6.2,170,89,1.6,2.92,168,Chronic Kidney Disease
68,Female,15.6,6.5,386,231,0.93,1.8,150,Diabetes
61,Female,14.7,4.9,350,238,0.81,2.01,148,Diabetes
50,Female,17.0,8.0,300,83,0.79,2.37,210,Hypercholesterolemia
83,Female,15.1,8.2,343,62,0.64,19.1,211,Hypothyroidism
34,Female,13.2,5.8,311,110,1.03,3.13,175,Diabetes
33,Female,15.2,7.2,312,164,1.12,2.58,150,Diabetes
75,Male,12.9,7.0,280,78,0.92,0.01,147,Hyperthyroidism
57,Male,15.5,6.8,244,92,0.73,3.27,166,Healthy
48,Female,14.3,7.2,290,80,0.84,13.03,202,Hypothyroidism
84,Male,12.7,7.6,291,159,1.01,2.69,142,Diabetes
46,Male,8.3,3.9,271,91,1.03,3.13,179,Anemia
41,Male,8.6,9.5,229,78,0.79,2.46,170,Anemia
71,Female,14.2,8.4,369,72,0.6,18.02,222,Hypothyroidism
19,Female,13.7,13.9,336,77,0.95,1.81,171,Infection
65,Female,16.9,5.7,260,71,0.87,0.07,182,Hyperthyroidism
38,Female,16.9,15.7,180,82,0.8,2.16,182,Infection
38,Male,13.4,19.1,299,81,0.9,1.12,178,Infection
22,Female,12.9,19.2,276,89,0.88,1.4,197,Infection
26,Male,14.4,7.9,280,81,0.89,2.33,166,Healthy
76,Female,13.2,7.3,295,90,0.9,3.0,242,Hypercholesterolemia
70,Male,13.8,7.4,321,84,0.9,0.05,149,Hyperthyroidism
29,Female,11.4,22.3,269,90,0.88,1.61,144,Infection
63,Female,15.4,7.9,245,125,0.75,1.1,145,Diabetes
21,Male,9.0,5.0,326,89,0.9,2.6,172,Anemia
69,Male,12.8,22.3,294,74,0.8,2.38,190,Infection
67,Male,13.7,6.5,256,87,1.03,0.12,154,Hyperthyroidism
81,Female,15.0,15.0,266,91,1.07,3.43,156,Infection
39,Male,15.9,8.6,267,74,1.01,29.68,200,Hypothyroidism
36,Female,16.1,8.4,274,82,0.98,3.48,171,Healthy
61,Female,16.2,5.3,276,91,0.92,2.57,172,Healthy
45,Male,10.1,7.4,176,74,3.68,3.49,169,Chronic Kidney Disease
84,Male,14.5,6.3,304,85,0.66,2.78,248,Hypercholesterolemia
59,Female,14.2,7.0,210,94,0.9,0.03,160,Hyperthyroidism
30,Female,8.9,6.1,324,94,1.11,2.11,166,Anemia
65,Male,11.9,7.2,266,94,3.1,1.45,144,Chronic Kidney Disease
18,Female,13.1,8.8,260,122,0.9,0.1,155,Diabetes
43,Female,14.6,6.0,275,82,0.96,0.05,162,Hyperthyroidism
52,Female,11.1,16.3,299,84,0.84,2.5,175,Infection
26,Male,11.7,6.7,337,78,5.71,1.56,127,Chronic Kidney Disease
67,Female,14.7,7.3,235,89,1.07,14.52,204,Hypothyroidism
70,Female,12.4,7.7,296,73,1.06,0.1,163,Hyperthyroidism
56,Female,17.3,6.7,272,101,1.03,3.01,139,Healthy
53,Male,11.3,23.9,253,92,0.99,1.71,171,Infection
23,Female,12.4,6.5,277,78,1.09,0.04,176,Hyperthyroidism
80,Female,15.3,6.5,417,172,1.1,2.36,154,Diabetes
51,Male,13.5,6.5,183,180,0.92,3.34,150,Diabetes
71,Male,15.4,5.5,255,89,0.85,19.95,190,Hypothyroidism
67,Male,12.5,6.5,295,155,0.84,1.46,165,Diabetes
56,Female,14.7,7.6,227,75,1.01,0.07,146,Hyperthyroidism
60,Female,16.5,5.6,306,74,1.06,2.29,359,Hypercholesterolemia
74,Female,15.2,9.9,310,90,0.83,19.95,207,Hypothyroidism
45,Male,12.6,7.7,292,64,0.93,2.21,168,Healthy
42,Female,14.9,6.6,247,96,0.91,26.67,202,Hypothyroidism
61,Female,12.0,4.3,282,94,1.02,0.04,181,Hyperthyroidism
65,Male,10.2,7.7,240,94,0.92,1.91,135,Anemia
81,Male,12.5,4.1,283,86,0.9,0.09,161,Hyperthyroidism
48,Female,12.7,6.8,232,195,0.83,2.51,171,Diabetes
65,Female,13.3,6.2,284,87,0.83,16.26,185,Hypothyroidism
26,Male,12.7,7.4,281,68,0.86,1.79,331,Hypercholesterolemia
78,Female,14.7,6.9,343,90,0.93,13.93,212,Hypothyroidism
78,Male,8.9,6.5,260,88,0.99,3.34,161,Anemia
22,Female,11.6,8.9,315,85,3.58,2.41,169,Chronic Kidney Disease
45,Female,12.7,6.3,235,99,1.01,1.86,332,Hypercholesterolemia
25,Male,14.7,7.1,259,223,0.73,2.56,136,Diabetes
44,Male,13.0,8.3,165,84,0.72,18.69,251,Hypothyroidism
21,Female,8.3,7.3,310,89,1.15,3.35,170,Anemia
52,Male,13.8,6.5,258,76,0.59,3.4,267,Hypercholesterolemia
48,Female,16.4,8.4,254,78,1.18,2.71,171,Healthy
43,Male,11.7,8.8,274,74,8.75,1.79,168,Chronic Kidney Disease
25,Female,15.8,7.6,184,82,0.9,1.22,150,Infection
20,Female,13.8,5.2,286,77,0.9,2.35,252,Hypercholesterolemia
83,Male,14.1,8.9,243,93,1.06,6.25,206,Hypothyroidism
78,Female,14.3,4.4,369,91,0.87,0.08,137,Hyperthyroidism
26,Female,15.9,15.9,326,97,0.86,3.79,153,Infection
47,Female,8.4,7.3,215,90,0.76,2.68,131,Anemia
56,Male,14.7,5.9,209,79,0.92,2.34,324,Hypercholesterolemia
70,Female,8.7,6.6,262,80,1.0,3.41,128,Anemia
48,Female,14.0,8.4,314,90,1.1,0.08,128,Hyperthyroidism
77,Male,15.1,9.2,318,90,0.78,2.59,176,Healthy
44,Male,7.0,7.4,157,69,0.88,2.35,190,Anemia
82,Male,13.7,6.4,238,135,0.81,2.57,169,Diabetes
18,Female,14.0,4.0,282,87,1.12,0.13,171,Hyperthyroidism
76,Male,16.2,18.4,319,87,1.0,2.34,133,Infection
69,Female,14.1,7.5,271,212,0.86,1.27,160,Diabetes
63,Female,16.7,5.8,284,92,0.98,0.02,152,Hyperthyroidism
40,Male,16.4,7.4,280,88,0.98,2.59,246,Hypercholesterolemia
68,Female,10.6,7.9,270,85,4.37,1.94,146,Chronic Kidney Disease
51,Female,15.7,6.0,288,91,0.71,0.09,181,Hyperthyroidism
63,Male,12.8,20.1,318,78,1.04,2.4,164,Infection
72,Male,11.7,8.0,291,90,4.28,2.23,157,Chronic Kidney Disease
79,Female,14.2,8.0,252,87,1.24,2.76,155,Healthy
81,Female,15.1,6.2,315,88,1.1,1.68,261,Hypercholesterolemia
49,Male,14.9,6.2,257,87,0.91,24.44,196,Hypothyroidism
75,Male,12.9,6.4,280,116,0.89,2.03,135,Diabetes
34,Male,17.8,5.2,321,88,0.88,0.54,153,Healthy
46,Male,11.9,5.5,264,180,1.02,1.6,133,Diabetes
60,Male,7.3,6.2,257,76,0.73,2.72,167,Anemia
21,Male,15.5,6.4,313,76,0.95,20.06,247,Hypothyroidism
49,Male,12.1,5.5,262,84,5.07,2.08,146,Chronic Kidney Disease
35,Male,11.2,18.0,277,75,1.08,2.86,181,Infection
74,Male,16.3,6.8,197,183,0.84,2.19,179,Diabetes
79,Male,13.7,6.9,323,192,1.2,1.83,148,Diabetes
62,Female,11.6,19.2,256,82,0.73,1.35,169,Infection
